numero,edad,identidad_genero,tipo_victima,lugar_hecho,modalidad_comisiva,fecha_hecho
1032,38,MUJER,PRINCIPAL,Salta,DISPARO DE BALA,01/12/2017
1031,34,MUJER,PRINCIPAL,Formosa,ACUCHILLAMIENTO,01/12/2017
1029,36,S/D,PRINCIPAL,Ciudad de Buenos Aires,ASFIXIA,28/03/2014
1030,36,MUJER,PRINCIPAL,Ciudad de Buenos Aires,ACUCHILLAMIENTO,15/11/2015
1028,44,MUJER,PRINCIPAL,Entre Rios,ACUCHILLAMIENTO,25/11/2017
1027,26,MUJER,PRINCIPAL,Buenos Aires,ACUCHILLAMIENTO,11/11/2017
1026,22,MUJER,PRINCIPAL,Santa Fe,GOLPES,07/11/2017
1025,30,MUJER,PRINCIPAL,Chubut,AHORCAMIENTO,24/01/2016
1024,23,MUJER,PRINCIPAL,Buenos Aires,ASFIXIA,29/10/2017
1023,54,MUJER,PRINCIPAL,Entre Rios,DISPARO DE BALA,28/10/2017
1022,27,MUJER,PRINCIPAL,Entre Rios,ACUCHILLAMIENTO,25/10/2017
1020,22,MUJER,PRINCIPAL,Chaco,GOLPES,24/10/2017
1021,2,MUJER,VINCULADO,Santa Fe,ACUCHILLAMIENTO,24/10/2017
1021,33,MUJER,PRINCIPAL,Santa Fe,ACUCHILLAMIENTO,24/10/2017
1019,37,MUJER,PRINCIPAL,Buenos Aires,ACUCHILLAMIENTO,23/10/2017
1018,20,MUJER,PRINCIPAL,Santa Fe,ACUCHILLAMIENTO,20/10/2017
1017,36,MUJER,PRINCIPAL,Neuquen,APUÑALAMIENTO,28/09/2017
1016,26,TRANS FEMENINA,PRINCIPAL,Córdoba,ACUCHILLAMIENTO,18/10/2017
1015,43,MUJER,PRINCIPAL,Córdoba,GOLPES,17/10/2017
1014,29,MUJER,PRINCIPAL,Catamarca,AHORCAMIENTO,09/10/2017
1013,20,HOMBRE,VINCULADO,Santiago del Estero,DESCUARTIZAMIENTO,06/10/2017
1013,62,MUJER,PRINCIPAL,Santiago del Estero,DESCUARTIZAMIENTO,06/10/2017
1012,25,MUJER,PRINCIPAL,Buenos Aires,ACUCHILLAMIENTO,06/10/2017
1011,51,MUJER,PRINCIPAL,Ciudad de Buenos Aires,DISPARO DE BALA,30/09/2017
1010,35,MUJER,PRINCIPAL,Córdoba,DEGOLLAMIENTO,29/10/2017
1009,40,MUJER,PRINCIPAL,Buenos Aires,ESTRANGULAMIENTO,30/09/2017
1008,25,MUJER,PRINCIPAL,Salta,GOLPES,21/09/2017
1007,39,MUJER,PRINCIPAL,Buenos Aires,ACUCHILLAMIENTO,21/09/2017
1006,31,MUJER,PRINCIPAL,Buenos Aires,DISPARO DE BALA,17/09/2017
1005,43,TRANS FEMENINA,PRINCIPAL,Buenos Aires,GOLPES,09/09/2017
1004,13,MUJER,PRINCIPAL,Buenos Aires,ACUCHILLAMIENTO,07/09/2017
1003,S/D,MUJER,PRINCIPAL,Tucuman,DISPARO DE BALA,01/09/2017
1002,47,MUJER,PRINCIPAL,Catamarca,DISPARO DE BALA,12/09/2017
1001,22,MUJER,PRINCIPAL,Santiago del Estero,ESTRANGULAMIENTO,11/09/2017
1000,31,TRANSGENERO,PRINCIPAL,Tucuman,ASFIXIA,12/08/2017
999,29,MUJER,PRINCIPAL,Buenos Aires,DISPARO DE BALA,09/09/2017
998,19,MUJER,PRINCIPAL,Buenos Aires,ACUCHILLAMIENTO,09/09/2017
997,21,MUJER,PRINCIPAL,Jujuy,ESTRANGULAMIENTO,03/02/2015
996,51,MUJER,PRINCIPAL,Jujuy,GOLPES,19/05/2015
995,0,MUJER,PRINCIPAL,Buenos Aires,GOLPES - ESTRANGULAMIENTO - ABUSO SEXUAL,05/09/2017
994,20,MUJER,PRINCIPAL,Córdoba,ACUCHILLAMIENTO,27/08/2017
993,23,MUJER,PRINCIPAL,Buenos Aires,GOLPES,25/12/2015
992,22,MUJER,PRINCIPAL,Córdoba,ACUCHILLAMIENTO,02/09/2016
991,19,MUJER,PRINCIPAL,Salta,ESTRANGULAMIENTO,26/08/2017
990,27,MUJER,PRINCIPAL,Jujuy,GOLPES,20/08/2017
989,30,MUJER,PRINCIPAL,Tucuman,DISPARO DE BALA,01/04/2013
978,65,MUJER,VINCULADO,Buenos Aires,ACUCHILLAMIENTO,23/08/2017
987,20,MUJER,PRINCIPAL,Santa Fe,DISPARO DE BALA,19/08/2017
986,21,MUJER,PRINCIPAL,Salta,ENVENENAMIENTO,05/05/2017
985,32,MUJER,PRINCIPAL,Santa Fe,ACUCHILLAMIENTO - QUEMADURAS,09/12/2013
984,S/D,MUJER,PRINCIPAL,Buenos Aires,ACUCHILLAMIENTO,01/07/2017
983,46,MUJER,PRINCIPAL,Buenos Aires,ACUCHILLAMIENTO,09/08/2017
983,80,MUJER,VINCULADO,Buenos Aires,ACUCHILLAMIENTO,09/08/2017
982,18,MUJER,PRINCIPAL,Ciudad de Buenos Aires,DISPARO DE BALA,20/06/2017
981,22,MUJER,PRINCIPAL,Buenos Aires,AHORCAMIENTO,08/08/2017
980,41,MUJER,PRINCIPAL,Córdoba,ACUCHILLAMIENTO,07/08/2017
979,16,MUJER,PRINCIPAL,Buenos Aires,ASFIXIA,04/08/2017
978,36,MUJER,PRINCIPAL,Buenos Aires,ACUCHILLAMIENTO,23/08/2017
977,27,MUJER,PRINCIPAL,Corrientes,GOLPES,28/07/2017
976,36,TRAVESTI,PRINCIPAL,Santa Fe,DISPARO DE BALA,25/07/2017
975,67,MUJER,VINCULADO,Corrientes,DISPARO DE BALA,25/07/2017
974,67,MUJER,PRINCIPAL,Ciudad de Buenos Aires,GOLPES,21/07/2017
973,29,MUJER,PRINCIPAL,Santa Fe,DISPARO DE BALA,11/10/2014
972,S/D,MUJER,PRINCIPAL,Neuquen,ASFIXIA - QUEMADURAS,24/07/2017
971,39,MUJER,PRINCIPAL,Jujuy,GOLPES,13/07/2017
970,18,MUJER,PRINCIPAL,Buenos Aires,DISPARO DE BALA,19/07/2017
969,55,MUJER,PRINCIPAL,Buenos Aires,DISPARO DE BALA,20/07/2017
967,73,HOMBRE,PRINCIPAL,Ciudad de Buenos Aires,ESTRANGULAMIENTO,15/07/2017
966,13,MUJER,PRINCIPAL,Chaco,DISPARO DE BALA,14/07/2017
965,27,MUJER,VINCULADO,Córdoba,DISPARO DE BALA,14/07/2017
964,66,MUJER,PRINCIPAL,Córdoba,DISPARO DE BALA,15/07/2017
962,30,MUJER,PRINCIPAL,Buenos Aires,AHORCAMIENTO,22/05/2013
961,37,MUJER,PRINCIPAL,Santa Fe,GOLPES,12/07/2017
959,24,MUJER,PRINCIPAL,Tucuman,DISPARO DE BALA,06/07/2014
958,38,MUJER,PRINCIPAL,Entre Rios,ACUCHILLAMIENTO,12/07/2017
957,999,MUJER,PRINCIPAL,Tucuman,GOLPES,22/06/2014
956,38,MUJER,PRINCIPAL,Misiones,ACUCHILLAMIENTO,06/12/2012
955,21,MUJER,PRINCIPAL,Tucuman,QUEMADURAS,02/04/2017
954,19,HOMBRE,PRINCIPAL,Buenos Aires,OTROS,08/07/2017
953,31,MUJER,PRINCIPAL,Santiago del Estero,ESTRANGULAMIENTO,09/07/2017
952,26,MUJER,PRINCIPAL,Buenos Aires,ACUCHILLAMIENTO - QUEMADURAS,08/07/2017
951,7,MUJER,VINCULADO,Ciudad de Buenos Aires,ACUCHILLAMIENTO,06/07/2017
951,43,MUJER,PRINCIPAL,Ciudad de Buenos Aires,ACUCHILLAMIENTO,06/07/2017
950,19,MUJER,PRINCIPAL,Buenos Aires,ESTRANGULAMIENTO,05/07/2017
947,30,MUJER,PRINCIPAL,Córdoba,APUÑALAMIENTO,30/10/2016
946,27,MUJER,PRINCIPAL,Chubut,ACUCHILLAMIENTO,03/07/2017
944,32,MUJER,PRINCIPAL,Ciudad de Buenos Aires,ACUCHILLAMIENTO,28/06/2017
943,39,MUJER,PRINCIPAL,Santiago del Estero,AHORCAMIENTO,22/01/2012
942,23,MUJER,PRINCIPAL,Buenos Aires,DISPARO DE BALA,03/07/2017
941,52,MUJER,PRINCIPAL,San Juan,ACUCHILLAMIENTO,02/07/2017
940,31,MUJER,PRINCIPAL,San Luis,GOLPES,28/06/2017
937,25,MUJER,PRINCIPAL,Chaco,ASFIXIA,27/06/2017
936,37,MUJER,PRINCIPAL,Tucuman,ACUCHILLAMIENTO - DISPARO DE BALA,27/06/2017
935,17,MUJER,PRINCIPAL,Santiago del Estero,DISPARO DE BALA,25/06/2017
934,19,MUJER,PRINCIPAL,Formosa,ABUSO SEXUAL,16/06/2017
933,31,MUJER,PRINCIPAL,Buenos Aires,QUEMADURAS,20/04/2017
932,20,MUJER,PRINCIPAL,Córdoba,DISPARO DE BALA,22/06/2017
930,27,MUJER,PRINCIPAL,Buenos Aires,ACUCHILLAMIENTO,19/06/2017
929,46,MUJER,PRINCIPAL,Córdoba,DISPARO DE BALA,S/D
927,46,MUJER,PRINCIPAL,Córdoba,DESCUARTIZAMIENTO,17/06/2017
928,33,MUJER,PRINCIPAL,Neuquen,ACUCHILLAMIENTO,11/06/2017
926,39,MUJER,PRINCIPAL,Salta,ACUCHILLAMIENTO,11/06/2017
925,18,MUJER,PRINCIPAL,Santa Fe,DISPARO DE BALA,10/06/2017
924,10,MUJER,VINCULADO,Neuquen,DISPARO DE BALA,08/06/2017
922,29,MUJER,PRINCIPAL,Buenos Aires,DISPARO DE BALA,12/06/2017
921,3,HOMBRE,VINCULADO,Salta,ENVENENAMIENTO,05/06/2017
921,26,MUJER,PRINCIPAL,Salta,ENVENENAMIENTO,05/06/2017
919,46,MUJER,PRINCIPAL,Córdoba,GOLPES - DESCUARTIZAMIENTO,28/05/2017
918,40,MUJER,PRINCIPAL,Santiago del Estero,APUÑALAMIENTO,01/06/2017
917,35,MUJER,PRINCIPAL,Buenos Aires,DISPARO DE BALA,28/05/2017
916,22,MUJER,PRINCIPAL,Salta,ESTRANGULAMIENTO,27/05/2017
914,21,MUJER,PRINCIPAL,Buenos Aires,DISPARO DE BALA,23/05/2017
913,S/D,MUJER,PRINCIPAL,S/D,GOLPES,S/D
912,52,MUJER,PRINCIPAL,Buenos Aires,DISPARO DE BALA,16/05/2017
911,50,MUJER,PRINCIPAL,Ciudad de Buenos Aires,ACUCHILLAMIENTO,14/12/2015
910,50,MUJER,PRINCIPAL,Chaco,DEGOLLAMIENTO,14/05/2017
909,36,MUJER,PRINCIPAL,Catamarca,ACUCHILLAMIENTO,14/05/2017
907,S/D,MUJER,PRINCIPAL,Buenos Aires,AHORCAMIENTO,07/05/2017
906,17,MUJER,PRINCIPAL,Córdoba,ATROPELLAMIENTO,26/04/2017
905,17,MUJER,PRINCIPAL,Tucuman,QUEMADURAS,06/05/2017
904,50,MUJER,PRINCIPAL,Córdoba,ACUCHILLAMIENTO,09/05/2017
903,34,MUJER,PRINCIPAL,Mendoza,ESTRANGULAMIENTO,19/09/2016
902,22,MUJER,PRINCIPAL,Jujuy,QUEMADURAS,04/05/2017
901,18,HOMBRE,PRINCIPAL,Chaco,ACUCHILLAMIENTO,23/02/2017
899,15,MUJER,PRINCIPAL,Buenos Aires,ACUCHILLAMIENTO,04/05/2017
898,1,MUJER,PRINCIPAL,Mendoza,ATROPELLAMIENTO,27/04/2017
897,18,MUJER,PRINCIPAL,Buenos Aires,ACUCHILLAMIENTO,11/02/2017
896,15,MUJER,PRINCIPAL,Salta,ACUCHILLAMIENTO,29/04/2017
895,S/D,MUJER,PRINCIPAL,Santiago del Estero,ACUCHILLAMIENTO,28/04/2017
894,22,MUJER,PRINCIPAL,Buenos Aires,DESCUARTIZAMIENTO,02/04/2017
893,21,MUJER,PRINCIPAL,Córdoba,ESTRANGULAMIENTO,22/04/2017
892,23,MUJER,PRINCIPAL,Buenos Aires,ACUCHILLAMIENTO,23/11/2015
891,35,MUJER,PRINCIPAL,Santa Fe,GOLPES,19/04/2017
890,40,MUJER,PRINCIPAL,Mendoza,DESCUARTIZAMIENTO,21/04/2017
889,52,MUJER,PRINCIPAL,Mendoza,AHORCAMIENTO,23/04/2017
888,S/D,MUJER,PRINCIPAL,Tucuman,ACUCHILLAMIENTO,23/04/2017
887,44,MUJER,PRINCIPAL,Corrientes,ACUCHILLAMIENTO - GOLPES,16/03/2015
886,41,MUJER,PRINCIPAL,Santa Fe,DISPARO DE BALA,17/04/2017
885,29,MUJER,PRINCIPAL,Santa Fe,ACUCHILLAMIENTO,16/04/2017
884,S/D,MUJER,PRINCIPAL,Buenos Aires,ABUSO SEXUAL,15/04/2017
883,3,MUJER,PRINCIPAL,Buenos Aires,GOLPES - ABUSO SEXUAL,11/04/2017
882,48,MUJER,PRINCIPAL,Buenos Aires,DEGOLLAMIENTO,20/04/2017
881,49,MUJER,PRINCIPAL,Santa Fe,ACUCHILLAMIENTO,13/04/2017
880,27,MUJER,PRINCIPAL,Misiones,ACUCHILLAMIENTO,17/04/2017
876,S/D,HOMBRE,VINCULADO,Córdoba,ACUCHILLAMIENTO,24/05/2016
875,56,MUJER,PRINCIPAL,Buenos Aires,DESCUARTIZAMIENTO,09/04/2017
874,43,MUJER,PRINCIPAL,Santiago del Estero,ACUCHILLAMIENTO,14/04/2017
873,16,S/D,PRINCIPAL,Tucuman,ABUSO SEXUAL,14/04/2017
872,10,MUJER,PRINCIPAL,Corrientes,ABUSO SEXUAL,04/04/2017
871,S/D,HOMBRE,VINCULADO,Rio Negro,ACUCHILLAMIENTO,07/11/2015
870,43,S/D,PRINCIPAL,Santa Fe,GOLPES,09/04/2017
869,S/D,S/D,VINCULADO,Rio Negro,ACUCHILLAMIENTO,29/10/2016
868,19,MUJER,PRINCIPAL,Córdoba,S/D,08/04/2017
867,30,MUJER,PRINCIPAL,Buenos Aires,GOLPES,22/03/2017
866,21,MUJER,PRINCIPAL,Entre Rios,ESTRANGULAMIENTO,01/04/2017
865,78,MUJER,PRINCIPAL,Santiago del Estero,GOLPES,01/06/2014
864,16,MUJER,PRINCIPAL,Misiones,ESTRANGULAMIENTO,02/04/2017
863,S/D,S/D,PRINCIPAL,Buenos Aires,GOLPES,27/08/2014
862,22,S/D,PRINCIPAL,Salta,S/D,01/03/2017
861,S/D,MUJER,PRINCIPAL,Buenos Aires,S/D,31/03/2017
860,43,MUJER,PRINCIPAL,Buenos Aires,GOLPES,30/03/2017
859,42,MUJER,PRINCIPAL,La Rioja,APUÑALAMIENTO,30/03/2017
858,S/D,MUJER,PRINCIPAL,Buenos Aires,DESBARRANCAMIENTO,27/03/2017
857,31,MUJER,PRINCIPAL,Jujuy,ESTRANGULAMIENTO,22/03/2017
856,S/D,MUJER,PRINCIPAL,La Pampa,DEGOLLAMIENTO,22/11/2016
855,12,S/D,PRINCIPAL,San Luis,ESTRANGULAMIENTO,22/03/2017
854,36,MUJER,PRINCIPAL,Buenos Aires,ESTRANGULAMIENTO,21/03/2017
853,16,MUJER,PRINCIPAL,San Luis,DISPARO DE BALA,19/03/2017
852,50,MUJER,PRINCIPAL,Jujuy,GOLPES,21/03/2017
851,28,MUJER,PRINCIPAL,Córdoba,ACUCHILLAMIENTO,30/11/2016
850,17,MUJER,PRINCIPAL,Salta,S/D,18/03/2017
849,22,MUJER,PRINCIPAL,Buenos Aires,S/D,20/03/2017
847,19,MUJER,PRINCIPAL,Buenos Aires,ESTRANGULAMIENTO,21/08/2016
846,48,MUJER,PRINCIPAL,Córdoba,DISPARO DE BALA,13/03/2017
845,53,MUJER,PRINCIPAL,Córdoba,GOLPES,10/03/2017
843,36,MUJER,PRINCIPAL,Córdoba,DISPARO DE BALA,05/03/2017
844,43,MUJER,PRINCIPAL,Neuquen,DISPARO DE BALA,12/03/2017
842,54,MUJER,PRINCIPAL,Salta,GOLPES,24/02/2017
841,35,S/D,PRINCIPAL,Entre Rios,GOLPES,28/02/2017
840,67,MUJER,PRINCIPAL,Santa Fe,DISPARO DE BALA - GOLPES,27/02/2017
839,22,MUJER,PRINCIPAL,Buenos Aires,Empalamiento,24/02/2017
838,20,MUJER,PRINCIPAL,Buenos Aires,S/D,21/02/2017
837,3,S/D,VINCULADO,Santiago del Estero,QUEMADURAS - ACUCHILLAMIENTO,20/02/2017
837,9,MUJER,VINCULADO,Santiago del Estero,QUEMADURAS - ACUCHILLAMIENTO,20/02/2017
837,11,MUJER,VINCULADO,Santiago del Estero,QUEMADURAS - ACUCHILLAMIENTO,20/02/2017
837,12,HOMBRE,VINCULADO,Santiago del Estero,QUEMADURAS - ACUCHILLAMIENTO,20/02/2017
837,33,MUJER,PRINCIPAL,Santiago del Estero,QUEMADURAS - ACUCHILLAMIENTO,20/02/2017
836,20,MUJER,PRINCIPAL,Jujuy,ACUCHILLAMIENTO,17/02/2017
835,8,MUJER,VINCULADO,Jujuy,DEGOLLAMIENTO,15/02/2017
835,30,MUJER,PRINCIPAL,Jujuy,DEGOLLAMIENTO,15/02/2017
834,31,MUJER,PRINCIPAL,Mendoza,GOLPES,15/02/2017
833,27,MUJER,PRINCIPAL,Buenos Aires,ACUCHILLAMIENTO,17/02/2017
831,42,MUJER,PRINCIPAL,Buenos Aires,GOLPES - ACUCHILLAMIENTO,11/02/2017
830,16,MUJER,VINCULADO,Buenos Aires,DISPARO DE BALA,12/02/2017
830,17,MUJER,PRINCIPAL,Buenos Aires,DISPARO DE BALA,12/02/2017
829,42,MUJER,PRINCIPAL,Buenos Aires,GOLPES,12/02/2017
828,40,MUJER,PRINCIPAL,Corrientes,QUEMADURAS,01/02/2017
827,26,MUJER,PRINCIPAL,Buenos Aires,GOLPES,21/03/2016
826,15,MUJER,PRINCIPAL,Buenos Aires,ACUCHILLAMIENTO,03/02/2017
826,50,MUJER,PRINCIPAL,Buenos Aires,ACUCHILLAMIENTO,03/02/2017
825,55,MUJER,VINCULADO,Buenos Aires,DISPARO DE BALA - DISPARO DE BALA,05/02/2017
825,34,HOMBRE,VINCULADO,Buenos Aires,DISPARO DE BALA - DISPARO DE BALA,05/02/2017
825,S/D,HOMBRE,VINCULADO,Buenos Aires,DISPARO DE BALA - DISPARO DE BALA,05/02/2017
825,S/D,MUJER,VINCULADO,Buenos Aires,DISPARO DE BALA - DISPARO DE BALA,05/02/2017
825,S/D,MUJER,PRINCIPAL,Buenos Aires,DISPARO DE BALA - DISPARO DE BALA,05/02/2017
824,32,MUJER,PRINCIPAL,Santa Fe,GOLPES,06/02/2017
823,44,MUJER,PRINCIPAL,Salta,ACUCHILLAMIENTO,27/01/2017
822,28,MUJER,PRINCIPAL,Tucuman,APUÑALAMIENTO,04/02/2017
821,26,MUJER,PRINCIPAL,Salta,ACUCHILLAMIENTO,01/02/2017
820,28,MUJER,PRINCIPAL,Chubut,GOLPES,27/01/2017
819,53,MUJER,PRINCIPAL,Buenos Aires,ACUCHILLAMIENTO,25/01/2017
818,28,MUJER,PRINCIPAL,Salta,QUEMADURAS,22/01/2017
813,25,S/D,PRINCIPAL,Buenos Aires,ACUCHILLAMIENTO,20/01/2017
812,39,MUJER,PRINCIPAL,Buenos Aires,S/D,21/01/2017
811,25,MUJER,PRINCIPAL,Buenos Aires,DISPARO DE BALA,16/01/2017
810,23,S/D,PRINCIPAL,Chaco,ACUCHILLAMIENTO,20/02/2014
809,39,MUJER,PRINCIPAL,Mendoza,ESTRANGULAMIENTO,29/08/2016
808,34,MUJER,PRINCIPAL,Córdoba,ACUCHILLAMIENTO,15/01/2017
806,18,S/D,PRINCIPAL,Buenos Aires,DISPARO DE BALA,12/01/2017
805,23,MUJER,PRINCIPAL,S/D,DISPARO DE BALA,09/01/2017
804,35,MUJER,PRINCIPAL,Buenos Aires,OTROS - ASFIXIA - GOLPES,24/12/2016
803,35,MUJER,PRINCIPAL,Salta,ESTRANGULAMIENTO,06/01/2017
802,42,MUJER,PRINCIPAL,Buenos Aires,GOLPES,04/01/2017
801,18,S/D,PRINCIPAL,Salta,AHORCAMIENTO - ACUCHILLAMIENTO,05/01/2017
800,0,HOMBRE,VINCULADO,Santiago del Estero,GOLPES,30/12/2016
799,15,MUJER,PRINCIPAL,Buenos Aires,DISPARO DE BALA,29/12/2016
798,22,MUJER,PRINCIPAL,Ciudad de Buenos Aires,DISPARO DE BALA,29/12/2016
797,999,MUJER,PRINCIPAL,S/D,S/D,S/D
796,S/D,MUJER,PRINCIPAL,Buenos Aires,DEGOLLAMIENTO - ACUCHILLAMIENTO,27/12/2016
795,22,TRAVESTI,PRINCIPAL,Buenos Aires,GOLPES,22/12/2016
793,14,MUJER,PRINCIPAL,Buenos Aires,ASFIXIA - GOLPES,12/02/2013
792,70,HOMBRE,VINCULADO,Entre Rios,ACUCHILLAMIENTO,25/12/2016
791,29,MUJER,PRINCIPAL,Santiago del Estero,GOLPES - ACUCHILLAMIENTO,24/12/2016
790,32,HOMBRE,VINCULADO,Santa Fe,APUÑALAMIENTO,25/12/2016
790,44,MUJER,VINCULADO,Santa Fe,APUÑALAMIENTO,25/12/2016
790,15,MUJER,VINCULADO,Santa Fe,APUÑALAMIENTO,25/12/2016
790,45,HOMBRE,VINCULADO,Santa Fe,APUÑALAMIENTO,25/12/2016
789,30,MUJER,PRINCIPAL,Mendoza,S/D,10/12/2016
788,34,MUJER,PRINCIPAL,Tucuman,ESTRANGULAMIENTO,21/12/2016
787,49,MUJER,PRINCIPAL,Corrientes,QUEMADURAS,09/10/2016
786,16,MUJER,PRINCIPAL,Chaco,S/D,18/12/2016
785,29,MUJER,PRINCIPAL,Buenos Aires,DEGOLLAMIENTO - GOLPES,06/11/2015
784,47,MUJER,PRINCIPAL,Misiones,Empalamiento - OTROS - GOLPES,18/12/2016
783,36,HOMBRE,VINCULADO,Neuquen,DISPARO DE BALA,27/11/2016
782,40,MUJER,PRINCIPAL,Córdoba,S/D,24/01/2014
781,33,MUJER,PRINCIPAL,Buenos Aires,APUÑALAMIENTO - GOLPES,12/12/2016
780,36,HOMBRE,VINCULADO,Buenos Aires,DISPARO DE BALA,14/12/2016
779,30,MUJER,VINCULADO,Buenos Aires,ACUCHILLAMIENTO,02/12/2016
779,49,MUJER,PRINCIPAL,Buenos Aires,ACUCHILLAMIENTO,02/12/2016
778,40,MUJER,PRINCIPAL,Chubut,DEGOLLAMIENTO,08/12/2016
777,24,MUJER,PRINCIPAL,Córdoba,OTROS - ESTRANGULAMIENTO,28/11/2016
776,31,MUJER,PRINCIPAL,Buenos Aires,ACUCHILLAMIENTO,02/12/2016
775,32,MUJER,PRINCIPAL,Jujuy,ACUCHILLAMIENTO,05/12/2016
774,18,MUJER,PRINCIPAL,Buenos Aires,ACUCHILLAMIENTO,06/12/2016
773,15,MUJER,PRINCIPAL,Salta,AHORCAMIENTO,05/12/2016
758,16,MUJER,PRINCIPAL,Ciudad de Buenos Aires,ACUCHILLAMIENTO - ACUCHILLAMIENTO,11/10/2016
770,28,MUJER,PRINCIPAL,Córdoba,ACUCHILLAMIENTO,01/12/2016
767,35,MUJER,PRINCIPAL,Santa Fe,OTROS,12/11/2016
766,38,MUJER,PRINCIPAL,Santa Fe,APUÑALAMIENTO,17/11/2016
765,26,MUJER,PRINCIPAL,Ciudad de Buenos Aires,DEGOLLAMIENTO - OTROS,13/11/2016
764,34,MUJER,PRINCIPAL,Mendoza,DISPARO DE BALA,11/11/2016
763,39,MUJER,PRINCIPAL,Entre Rios,DEGOLLAMIENTO,14/11/2016
762,34,MUJER,PRINCIPAL,Buenos Aires,DISPARO DE BALA,14/11/2016
761,35,MUJER,PRINCIPAL,Entre Rios,OTROS,09/11/2016
760,23,HOMBRE,VINCULADO,Entre Rios,APUÑALAMIENTO,07/11/2016
760,7,MUJER,PRINCIPAL,Entre Rios,APUÑALAMIENTO,07/11/2016
760,5,MUJER,VINCULADO,Entre Rios,APUÑALAMIENTO,07/11/2016
760,S/D,MUJER,PRINCIPAL,Entre Rios,APUÑALAMIENTO,07/11/2016
759,45,MUJER,PRINCIPAL,Entre Rios,DISPARO DE BALA,05/11/2016
759,37,MUJER,PRINCIPAL,Entre Rios,DISPARO DE BALA,05/11/2016
758,18,MUJER,PRINCIPAL,Ciudad de Buenos Aires,ACUCHILLAMIENTO - ACUCHILLAMIENTO,11/10/2016
757,39,MUJER,PRINCIPAL,Ciudad de Buenos Aires,ACUCHILLAMIENTO,29/10/2016
756,22,MUJER,PRINCIPAL,Tucuman,QUEMADURAS,19/10/2016
755,26,TRAVESTI,PRINCIPAL,Misiones,GOLPES,27/10/2016
754,53,MUJER,PRINCIPAL,Buenos Aires,DISPARO DE BALA,24/10/2016
753,43,MUJER,PRINCIPAL,Córdoba,ACUCHILLAMIENTO,23/10/2016
752,90,MUJER,VINCULADO,S/D,ACUCHILLAMIENTO,23/10/2016
752,65,MUJER,VINCULADO,S/D,ACUCHILLAMIENTO,23/10/2016
752,31,MUJER,PRINCIPAL,S/D,ACUCHILLAMIENTO,23/10/2016
751,41,MUJER,PRINCIPAL,Mendoza,GOLPES - ACUCHILLAMIENTO,19/10/2016
750,65,MUJER,PRINCIPAL,Mendoza,ASFIXIA,09/09/2016
749,34,MUJER,PRINCIPAL,Córdoba,DISPARO DE BALA,14/10/2016
748,42,MUJER,PRINCIPAL,Tucuman,APUÑALAMIENTO,18/10/2016
747,S/D,MUJER,PRINCIPAL,Buenos Aires,OTROS,17/10/2016
746,35,MUJER,PRINCIPAL,Jujuy,QUEMADURAS,17/10/2016
745,63,MUJER,PRINCIPAL,Buenos Aires,ACUCHILLAMIENTO,15/10/2016
744,54,MUJER LESBIANA,PRINCIPAL,Buenos Aires,ACUCHILLAMIENTO,11/10/2016
743,41,MUJER,PRINCIPAL,Córdoba,ACUCHILLAMIENTO,12/10/2016
742,22,MUJER,PRINCIPAL,Córdoba,S/D,14/10/2016
741,38,MUJER,PRINCIPAL,Buenos Aires,DEGOLLAMIENTO,16/10/2016
740,28,MUJER,PRINCIPAL,Santiago del Estero,ACUCHILLAMIENTO,14/10/2016
739,15,MUJER,PRINCIPAL,Mendoza,ASFIXIA,15/10/2016
738,55,MUJER,PRINCIPAL,Buenos Aires,GOLPES - ACUCHILLAMIENTO,13/10/2016
737,2,MUJER,VINCULADO,Buenos Aires,GOLPES,17/08/2013
736,16,MUJER,PRINCIPAL,Buenos Aires,OTROS - GOLPES,09/10/2016
735,22,MUJER,PRINCIPAL,Buenos Aires,ESTRANGULAMIENTO,09/10/2016
734,24,MUJER,PRINCIPAL,Mendoza,S/D,19/07/2015
733,18,MUJER,PRINCIPAL,Buenos Aires,DEGOLLAMIENTO - ACUCHILLAMIENTO,21/09/2016
732,30,MUJER,PRINCIPAL,Jujuy,DISPARO DE BALA,01/10/2016
731,30,MUJER,PRINCIPAL,Santa Cruz,APUÑALAMIENTO - DEGOLLAMIENTO - QUEMADURAS,05/10/2016
730,26,MUJER,PRINCIPAL,Buenos Aires,DISPARO DE BALA,03/10/2016
729,19,MUJER,PRINCIPAL,Ciudad de Buenos Aires,APUÑALAMIENTO,28/09/2016
40,44,MUJER,VINCULADO,Mendoza,DISPARO DE BALA,21/09/2014
728,19,MUJER,PRINCIPAL,Mendoza,DEGOLLAMIENTO,28/09/2016
727,21,MUJER,PRINCIPAL,Mendoza,GOLPES,27/09/2016
726,29,MUJER,PRINCIPAL,Mendoza,DISPARO DE BALA,23/09/2016
725,14,MUJER,VINCULADO,Chubut,DISPARO DE BALA,13/09/2016
725,54,MUJER,VINCULADO,Chubut,DISPARO DE BALA,13/09/2016
725,26,HOMBRE,VINCULADO,Chubut,DISPARO DE BALA,13/09/2016
724,44,MUJER,PRINCIPAL,Santiago del Estero,DISPARO DE BALA,21/09/2016
723,18,MUJER,PRINCIPAL,Tucuman,S/D,18/09/2016
722,25,HOMBRE,VINCULADO,Buenos Aires,DISPARO DE BALA,20/09/2016
722,39,MUJER,VINCULADO,Buenos Aires,DISPARO DE BALA,20/09/2016
720,21,MUJER,PRINCIPAL,Jujuy,AHORCAMIENTO,01/02/2015
719,16,MUJER,PRINCIPAL,Buenos Aires,DISPARO DE BALA,16/09/2016
718,26,MUJER,PRINCIPAL,Mendoza,AHORCAMIENTO,13/09/2016
717,24,MUJER,PRINCIPAL,Santa Fe,DISPARO DE BALA,12/09/2016
716,33,TRAVESTI,PRINCIPAL,Mendoza,ACUCHILLAMIENTO,01/03/2015
715,53,TRAVESTI,PRINCIPAL,Buenos Aires,ACUCHILLAMIENTO,23/06/2016
714,29,TRAVESTI,PRINCIPAL,Formosa,APUÑALAMIENTO - QUEMADURAS,01/04/2016
713,32,TRANS FEMENINA,PRINCIPAL,Tierra del Fuego,ACUCHILLAMIENTO,12/05/2013
712,27,MUJER,PRINCIPAL,Salta,ACUCHILLAMIENTO,13/09/2016
711,36,TRAVESTI,PRINCIPAL,Jujuy,ACUCHILLAMIENTO,10/09/2016
710,19,MUJER,PRINCIPAL,Buenos Aires,DISPARO DE BALA,09/09/2016
709,50,MUJER,PRINCIPAL,Buenos Aires,S/D,26/08/2016
708,39,MUJER,PRINCIPAL,Buenos Aires,DISPARO DE BALA,21/08/2016
707,21,MUJER,PRINCIPAL,Chubut,GOLPES - ACUCHILLAMIENTO,28/08/2016
706,17,MUJER,PRINCIPAL,Santa Fe,S/D,16/08/2016
705,37,MUJER,PRINCIPAL,Corrientes,DISPARO DE BALA - ACUCHILLAMIENTO,19/08/2016
704,36,MUJER,PRINCIPAL,Buenos Aires,AHORCAMIENTO - GOLPES,09/08/2016
703,42,MUJER,PRINCIPAL,Buenos Aires,DISPARO DE BALA,20/07/2016
702,S/D,MUJER,VINCULADO,Córdoba,GOLPES,06/08/2016
701,43,MUJER,PRINCIPAL,Buenos Aires,DISPARO DE BALA,13/08/2016
700,63,MUJER,PRINCIPAL,Buenos Aires,QUEMADURAS - GOLPES,14/08/2016
699,21,MUJER,PRINCIPAL,Chaco,OTROS,14/08/2016
698,23,MUJER,PRINCIPAL,Buenos Aires,DISPARO DE BALA,14/08/2016
696,18,MUJER,PRINCIPAL,Tucuman,AHORCAMIENTO,07/08/2016
694,53,MUJER,PRINCIPAL,Buenos Aires,DISPARO DE BALA,08/08/2016
693,20,MUJER,PRINCIPAL,Salta,GOLPES,06/03/2014
692,18,MUJER,PRINCIPAL,Ciudad de Buenos Aires,ESTRANGULAMIENTO - ASFIXIA,29/07/2016
691,17,MUJER,PRINCIPAL,Santa Fe,DISPARO DE BALA,31/07/2016
690,25,MUJER,PRINCIPAL,Santa Fe,AHORCAMIENTO - GOLPES,28/07/2016
689,31,MUJER,PRINCIPAL,Córdoba,DISPARO DE BALA,25/07/2016
688,49,HOMBRE,VINCULADO,Córdoba,DISPARO DE BALA,04/09/2014
687,43,MUJER,PRINCIPAL,Neuquen,ACUCHILLAMIENTO,06/07/2016
686,20,MUJER,PRINCIPAL,Jujuy,AHORCAMIENTO,23/07/2016
685,29,MUJER,PRINCIPAL,Jujuy,GOLPES,14/07/2016
684,37,MUJER,PRINCIPAL,Santa Fe,ACUCHILLAMIENTO,23/07/2016
683,S/D,MUJER,PRINCIPAL,Buenos Aires,OTROS,19/07/2016
682,23,MUJER,PRINCIPAL,Entre Rios,ESTRANGULAMIENTO - GOLPES,12/02/2013
681,S/D,MUJER,PRINCIPAL,Buenos Aires,QUEMADURAS,12/07/2016
680,27,MUJER,PRINCIPAL,Buenos Aires,DISPARO DE BALA,12/07/2016
679,29,MUJER,PRINCIPAL,Buenos Aires,DISPARO DE BALA,06/07/2016
678,20,MUJER,PRINCIPAL,Misiones,ASFIXIA,13/06/2016
677,53,MUJER,PRINCIPAL,Misiones,ESTRANGULAMIENTO,11/07/2016
676,17,MUJER,PRINCIPAL,Córdoba,DISPARO DE BALA,10/07/2016
675,50,MUJER,PRINCIPAL,Córdoba,DISPARO DE BALA,07/07/2016
674,38,MUJER,PRINCIPAL,Buenos Aires,APUÑALAMIENTO,06/07/2016
673,42,MUJER,PRINCIPAL,Santa Fe,DEGOLLAMIENTO,23/06/2016
672,70,HOMBRE,VINCULADO,S/D,S/D,S/D
672,24,HOMBRE,VINCULADO,S/D,S/D,S/D
672,19,MUJER,VINCULADO,S/D,S/D,S/D
672,22,MUJER,VINCULADO,S/D,S/D,S/D
672,52,MUJER,PRINCIPAL,S/D,S/D,S/D
671,35,MUJER,PRINCIPAL,Mendoza,DISPARO DE BALA,05/07/2016
670,26,MUJER,PRINCIPAL,Buenos Aires,OTROS,31/12/2015
669,21,MUJER,PRINCIPAL,Salta,ACUCHILLAMIENTO,04/07/2016
668,26,MUJER,PRINCIPAL,Formosa,GOLPES,26/06/2016
667,25,MUJER,PRINCIPAL,Tierra del Fuego,ESTRANGULAMIENTO - DESCUARTIZAMIENTO,03/07/2016
666,17,MUJER,PRINCIPAL,San Juan,ESTRANGULAMIENTO,16/06/2016
665,26,MUJER,PRINCIPAL,Córdoba,ESTRANGULAMIENTO,22/06/2016
664,58,MUJER,PRINCIPAL,Santa Fe,DISPARO DE BALA,22/06/2016
663,56,MUJER,PRINCIPAL,Chaco,QUEMADURAS,20/06/2016
662,36,MUJER,PRINCIPAL,Santiago del Estero,AHORCAMIENTO,16/06/2016
661,24,MUJER,PRINCIPAL,Buenos Aires,DISPARO DE BALA,08/06/2016
660,41,MUJER,PRINCIPAL,Buenos Aires,DEGOLLAMIENTO,07/06/2016
659,25,MUJER,PRINCIPAL,Salta,DISPARO DE BALA,02/04/2016
658,16,MUJER,PRINCIPAL,Salta,OTROS - GOLPES,18/03/2016
657,8,MUJER,PRINCIPAL,Mendoza,OTROS - QUEMADURAS,12/04/2016
656,71,MUJER,PRINCIPAL,Mendoza,GOLPES,17/12/2015
655,35,TRAVESTI,PRINCIPAL,Mendoza,OTROS - GOLPES,05/06/2016
654,12,MUJER,PRINCIPAL,Tucuman,OTROS - ESTRANGULAMIENTO,28/05/2016
653,13,MUJER,PRINCIPAL,Buenos Aires,OTROS - ESTRANGULAMIENTO - GOLPES,23/04/2016
652,12,MUJER,PRINCIPAL,Santa Fe,OTROS - ESTRANGULAMIENTO,25/05/2016
651,25,S/D,PRINCIPAL,Chubut,APUÑALAMIENTO - GOLPES,17/05/2016
650,21,MUJER,PRINCIPAL,Santa Fe,OTROS - ESTRANGULAMIENTO - GOLPES,14/05/2016
649,18,MUJER,PRINCIPAL,Entre Rios,OTROS - ESTRANGULAMIENTO,22/04/2016
648,14,MUJER,PRINCIPAL,Buenos Aires,OTROS - ESTRANGULAMIENTO,06/05/2016
648,26,MUJER,PRINCIPAL,Buenos Aires,OTROS - ESTRANGULAMIENTO,06/05/2016
647,21,MUJER,PRINCIPAL,Salta,GOLPES,18/04/2016
646,30,MUJER,PRINCIPAL,Córdoba,DISPARO DE BALA,06/05/2016
645,44,MUJER,PRINCIPAL,Córdoba,S/D,03/05/2016
644,62,MUJER,PRINCIPAL,Entre Rios,S/D,28/04/2016
643,19,MUJER,PRINCIPAL,Córdoba,GOLPES,28/04/2016
642,52,MUJER,PRINCIPAL,Mendoza,GOLPES,23/04/2016
641,25,MUJER,PRINCIPAL,Buenos Aires,DISPARO DE BALA,26/04/2016
640,60,MUJER,PRINCIPAL,Salta,GOLPES,25/01/2015
639,24,S/D,PRINCIPAL,Buenos Aires,OTROS - GOLPES,26/04/2016
638,43,MUJER,PRINCIPAL,Córdoba,APUÑALAMIENTO,27/04/2016
637,48,MUJER,PRINCIPAL,Santa Fe,DISPARO DE BALA,24/04/2016
635,22,MUJER,PRINCIPAL,Santa Cruz,ESTRANGULAMIENTO,24/04/2016
634,32,MUJER,PRINCIPAL,Salta,DISPARO DE BALA,21/03/2016
633,44,MUJER,PRINCIPAL,Catamarca,ACUCHILLAMIENTO,24/04/2016
631,53,MUJER,PRINCIPAL,Santa Fe,GOLPES,11/04/2016
630,27,MUJER,PRINCIPAL,Buenos Aires,GOLPES,07/04/2016
629,25,MUJER,VINCULADO,Santiago del Estero,DISPARO DE BALA,06/04/2016
629,32,HOMBRE,VINCULADO,Santiago del Estero,DISPARO DE BALA,06/04/2016
629,36,MUJER,PRINCIPAL,Santiago del Estero,DISPARO DE BALA,06/04/2016
628,27,MUJER,PRINCIPAL,La Rioja,APUÑALAMIENTO,04/04/2016
627,30,MUJER,PRINCIPAL,Ciudad de Buenos Aires,DISPARO DE BALA,01/04/2016
626,22,MUJER,PRINCIPAL,Buenos Aires,DISPARO DE BALA,30/03/2016
625,44,MUJER,PRINCIPAL,Córdoba,APUÑALAMIENTO,31/03/2016
624,28,MUJER,PRINCIPAL,Rio Negro,GOLPES - ACUCHILLAMIENTO,23/03/2016
623,21,MUJER,PRINCIPAL,Córdoba,S/D,27/03/2015
622,25,MUJER,PRINCIPAL,Santa Fe,DISPARO DE BALA,28/03/2016
621,42,MUJER,PRINCIPAL,Buenos Aires,ACUCHILLAMIENTO,29/03/2016
620,27,MUJER,PRINCIPAL,Rio Negro,GOLPES,27/03/2016
619,38,MUJER,PRINCIPAL,Chubut,AHORCAMIENTO,23/03/2015
618,11,MUJER,VINCULADO,Buenos Aires,QUEMADURAS - GOLPES,17/03/2016
618,32,MUJER,PRINCIPAL,Buenos Aires,QUEMADURAS - GOLPES,17/03/2016
617,29,MUJER,PRINCIPAL,Rio Negro,GOLPES,17/03/2016
616,26,MUJER,PRINCIPAL,Misiones,ESTRANGULAMIENTO - GOLPES,20/03/2016
615,34,MUJER,PRINCIPAL,Córdoba,ASFIXIA,04/03/2015
614,43,MUJER,PRINCIPAL,Buenos Aires,ACUCHILLAMIENTO,13/03/2016
613,25,MUJER,PRINCIPAL,Jujuy,ASFIXIA,18/04/2015
612,28,MUJER,PRINCIPAL,S/D,S/D,13/03/2016
611,26,MUJER,PRINCIPAL,Buenos Aires,APUÑALAMIENTO,14/03/2016
610,S/D,MUJER,PRINCIPAL,San Juan,GOLPES,11/03/2016
609,26,MUJER,PRINCIPAL,Córdoba,DISPARO DE BALA,13/03/2016
608,17,MUJER,PRINCIPAL,Buenos Aires,APUÑALAMIENTO,11/03/2016
607,34,MUJER,PRINCIPAL,Buenos Aires,APUÑALAMIENTO,07/03/2016
606,23,MUJER,PRINCIPAL,Buenos Aires,DISPARO DE BALA,02/02/2016
605,32,MUJER,PRINCIPAL,San Luis,DISPARO DE BALA,30/01/2016
604,40,MUJER,PRINCIPAL,Buenos Aires,DISPARO DE BALA,26/02/2016
603,S/D,TRAVESTI,PRINCIPAL,Buenos Aires,DISPARO DE BALA,28/02/2016
602,34,TRAVESTI,PRINCIPAL,Buenos Aires,GOLPES,23/02/2016
601,37,MUJER,PRINCIPAL,San Juan,APUÑALAMIENTO - GOLPES,S/D
600,64,MUJER,PRINCIPAL,San Juan,GOLPES,23/02/2016
599,28,MUJER,PRINCIPAL,Buenos Aires,ACUCHILLAMIENTO,21/02/2016
598,64,MUJER,PRINCIPAL,Buenos Aires,DEGOLLAMIENTO,27/03/2015
597,18,MUJER,PRINCIPAL,La Rioja,DISPARO DE BALA,14/02/2015
596,33,MUJER,PRINCIPAL,Mendoza,DISPARO DE BALA,17/02/2016
595,45,MUJER,PRINCIPAL,Santiago del Estero,APUÑALAMIENTO,10/12/2015
594,27,MUJER,PRINCIPAL,Neuquen,DISPARO DE BALA,24/01/2016
593,28,MUJER,VINCULADO,Misiones,DISPARO DE BALA,13/02/2016
592,25,MUJER,PRINCIPAL,S/D,GOLPES,15/02/2016
591,39,MUJER,PRINCIPAL,Buenos Aires,ESTRANGULAMIENTO,13/02/2016
590,50,MUJER,PRINCIPAL,Formosa,APUÑALAMIENTO,15/02/2016
589,13,MUJER,PRINCIPAL,Mendoza,ASFIXIA,07/02/2016
588,21,MUJER,PRINCIPAL,Entre Rios,APUÑALAMIENTO,07/02/2016
587,3,MUJER,PRINCIPAL,Mendoza,GOLPES,07/01/2014
586,20,MUJER,PRINCIPAL,Ciudad de Buenos Aires,APUÑALAMIENTO,09/02/2016
585,31,HOMBRE,VINCULADO,Entre Rios,APUÑALAMIENTO,10/02/2016
584,38,MUJER,PRINCIPAL,Chaco,APUÑALAMIENTO,10/02/2016
583,58,MUJER,PRINCIPAL,S/D,APUÑALAMIENTO,S/D
582,3,MUJER,PRINCIPAL,Buenos Aires,GOLPES,30/01/2016
581,29,MUJER,PRINCIPAL,Santa Fe,ASFIXIA,06/02/2016
580,27,MUJER,PRINCIPAL,Buenos Aires,APUÑALAMIENTO,08/02/2016
579,35,MUJER,PRINCIPAL,Santa Fe,APUÑALAMIENTO,07/02/2016
578,36,MUJER,PRINCIPAL,Mendoza,APUÑALAMIENTO,07/02/2016
577,73,MUJER,PRINCIPAL,Buenos Aires,ACUCHILLAMIENTO,10/12/2015
576,48,MUJER,PRINCIPAL,Buenos Aires,DISPARO DE BALA,18/12/2015
574,18,MUJER,PRINCIPAL,Buenos Aires,DEGOLLAMIENTO,04/02/2016
573,32,MUJER,PRINCIPAL,Santa Fe,DEGOLLAMIENTO - GOLPES,04/11/2015
572,66,MUJER,PRINCIPAL,Misiones,S/D,28/02/2014
571,58,MUJER,PRINCIPAL,Santiago del Estero,APUÑALAMIENTO,23/12/2015
570,23,MUJER,PRINCIPAL,Buenos Aires,ASFIXIA - GOLPES,20/12/2015
569,49,MUJER,PRINCIPAL,Neuquen,QUEMADURAS,27/08/2015
568,33,MUJER,PRINCIPAL,Neuquen,DISPARO DE BALA,18/04/2013
567,16,MUJER,PRINCIPAL,Córdoba,DISPARO DE BALA,16/01/2016
566,31,MUJER,PRINCIPAL,Salta,APUÑALAMIENTO,23/01/2016
565,46,MUJER,PRINCIPAL,S/D,QUEMADURAS,22/01/2016
564,37,MUJER,PRINCIPAL,Córdoba,GOLPES,22/01/2016
563,13,MUJER,PRINCIPAL,S/D,S/D,S/D
562,40,TRAVESTI,PRINCIPAL,Rio Negro,DISPARO DE BALA,17/01/2016
561,28,MUJER,PRINCIPAL,Buenos Aires,ACUCHILLAMIENTO,15/01/2016
560,19,MUJER,PRINCIPAL,Corrientes,ESTRANGULAMIENTO,13/01/2016
559,19,MUJER,PRINCIPAL,Chaco,ACUCHILLAMIENTO,22/11/2015
558,49,MUJER,PRINCIPAL,Santa Fe,DISPARO DE BALA,13/01/2016
557,35,MUJER,PRINCIPAL,Chaco,DISPARO DE BALA,23/11/2015
556,20,MUJER,PRINCIPAL,Santa Fe,DISPARO DE BALA,15/12/2015
555,20,MUJER,PRINCIPAL,Entre Rios,DESCUARTIZAMIENTO,22/12/2015
553,40,MUJER,PRINCIPAL,Buenos Aires,APUÑALAMIENTO,11/12/2015
552,22,MUJER,PRINCIPAL,Salta,AHORCAMIENTO,04/01/2016
551,54,MUJER,PRINCIPAL,Santa Fe,ACUCHILLAMIENTO,04/01/2016
550,38,MUJER,PRINCIPAL,Buenos Aires,GOLPES,27/12/2015
549,62,MUJER,PRINCIPAL,Buenos Aires,APUÑALAMIENTO,24/12/2015
548,46,MUJER,PRINCIPAL,Salta,ASFIXIA,01/12/2015
547,25,MUJER,PRINCIPAL,Salta,DISPARO DE BALA,24/11/2015
546,50,MUJER,PRINCIPAL,Ciudad de Buenos Aires,ACUCHILLAMIENTO,15/12/2015
545,45,MUJER,PRINCIPAL,Córdoba,GOLPES,13/12/2015
544,22,MUJER,PRINCIPAL,Córdoba,GOLPES,06/12/2015
543,21,MUJER,PRINCIPAL,S/D,S/D,03/12/2015
542,16,MUJER,PRINCIPAL,Chaco,GOLPES,06/12/2015
541,18,MUJER,PRINCIPAL,Buenos Aires,APUÑALAMIENTO,02/12/2015
540,3,MUJER,PRINCIPAL,Jujuy,ESTRANGULAMIENTO,02/12/2015
192,20,MUJER,PRINCIPAL,Neuquen,DISPARO DE BALA,21/09/2015
166,17,MUJER,PRINCIPAL,Santa Fe,GOLPES,15/11/2015
56,23,MUJER,PRINCIPAL,Buenos Aires,DEGOLLAMIENTO,20/11/2015
1,56,MUJER,PRINCIPAL,Salta,GOLPES,13/11/2015
77,3,HOMBRE,VINCULADO,Buenos Aires,ACUCHILLAMIENTO,16/11/2015
77,23,MUJER,PRINCIPAL,Buenos Aires,ACUCHILLAMIENTO,16/11/2015
24,17,MUJER,PRINCIPAL,Santa Cruz,ESTRANGULAMIENTO,08/11/2015
23,57,MUJER,PRINCIPAL,Mendoza,GOLPES,02/04/2014
72,23,MUJER,PRINCIPAL,Buenos Aires,DISPARO DE BALA,11/11/2015
55,42,MUJER,PRINCIPAL,Mendoza,APUÑALAMIENTO,30/10/2015
48,36,MUJER,PRINCIPAL,Misiones,ESTRANGULAMIENTO,21/10/2015
61,15,MUJER,PRINCIPAL,Chaco,S/D,30/06/2013
539,20,MUJER,PRINCIPAL,Buenos Aires,ESTRANGULAMIENTO - ASFIXIA,14/03/2015
28,24,MUJER,PRINCIPAL,Santa Fe,DISPARO DE BALA,01/02/2015
538,55,MUJER,PRINCIPAL,Buenos Aires,ACUCHILLAMIENTO,28/10/2015
537,26,MUJER,PRINCIPAL,Córdoba,APUÑALAMIENTO,23/10/2015
536,27,MUJER,PRINCIPAL,Buenos Aires,ESTRANGULAMIENTO,22/10/2015
535,51,MUJER,PRINCIPAL,Buenos Aires,DISPARO DE BALA,22/10/2015
534,25,MUJER,PRINCIPAL,Buenos Aires,S/D,18/10/2015
533,41,MUJER,PRINCIPAL,Ciudad de Buenos Aires,QUEMADURAS,05/09/2015
532,33,MUJER,PRINCIPAL,Buenos Aires,DISPARO DE BALA,19/10/2015
531,35,MUJER,PRINCIPAL,S/D,S/D,S/D
530,22,MUJER,PRINCIPAL,Buenos Aires,DISPARO DE BALA,12/05/2014
529,44,S/D,PRINCIPAL,Buenos Aires,DISPARO DE BALA,29/04/2015
527,17,MUJER,PRINCIPAL,Buenos Aires,S/D,18/09/2015
525,35,MUJER,PRINCIPAL,Buenos Aires,APUÑALAMIENTO,11/10/2015
524,47,MUJER,PRINCIPAL,Buenos Aires,DEGOLLAMIENTO,08/10/2015
523,59,TRANS FEMENINA,PRINCIPAL,Santa Fe,DISPARO DE BALA - GOLPES - ACUCHILLAMIENTO,25/09/2015
522,26,TRANS FEMENINA,PRINCIPAL,Santa Cruz,S/D,S/D
521,42,TRAVESTI,PRINCIPAL,Ciudad de Buenos Aires,ACUCHILLAMIENTO,11/10/2015
520,23,MUJER,PRINCIPAL,Buenos Aires,GOLPES,12/10/2015
519,38,MUJER,PRINCIPAL,Buenos Aires,S/D,10/10/2015
518,23,MUJER,PRINCIPAL,Salta,S/D,09/10/2015
517,18,MUJER,PRINCIPAL,S/D,QUEMADURAS,S/D
516,47,MUJER,PRINCIPAL,Rio Negro,ESTRANGULAMIENTO,07/10/2015
515,16,MUJER,PRINCIPAL,Salta,ESTRANGULAMIENTO,12/05/2014
514,17,MUJER,PRINCIPAL,Buenos Aires,GOLPES,30/05/2014
513,19,MUJER,PRINCIPAL,S/D,DISPARO DE BALA,06/08/2014
512,21,MUJER,PRINCIPAL,Formosa,APUÑALAMIENTO,S/D
511,20,MUJER,PRINCIPAL,Tucuman,DISPARO DE BALA,S/D
510,21,MUJER,PRINCIPAL,S/D,S/D,08/03/2014
509,19,MUJER,VINCULADO,Buenos Aires,DISPARO DE BALA,25/05/2014
509,17,MUJER,PRINCIPAL,Buenos Aires,DISPARO DE BALA,25/05/2014
508,19,MUJER,PRINCIPAL,Salta,ACUCHILLAMIENTO,07/12/2014
507,44,MUJER,PRINCIPAL,Buenos Aires,APUÑALAMIENTO,06/10/2015
506,17,MUJER,PRINCIPAL,Buenos Aires,DISPARO DE BALA,07/10/2015
505,43,S/D,PRINCIPAL,S/D,S/D,S/D
504,S/D,MUJER,PRINCIPAL,Chaco,QUEMADURAS,S/D
503,53,MUJER,PRINCIPAL,Salta,ACUCHILLAMIENTO,20/09/2015
502,44,MUJER,PRINCIPAL,Buenos Aires,GOLPES - ACUCHILLAMIENTO,21/08/2015
499,39,MUJER,PRINCIPAL,S/D,S/D,S/D
498,21,MUJER,PRINCIPAL,S/D,S/D,S/D
497,53,MUJER,PRINCIPAL,Santa Fe,GOLPES,19/02/2014
496,S/D,MUJER,PRINCIPAL,S/D,S/D,S/D
495,27,MUJER,PRINCIPAL,Mendoza,GOLPES,20/09/2015
494,25,MUJER,PRINCIPAL,Buenos Aires,GOLPES,18/09/2015
493,48,MUJER,PRINCIPAL,Buenos Aires,DEGOLLAMIENTO,28/10/2014
492,24,TRAVESTI,PRINCIPAL,Santiago del Estero,ATROPELLAMIENTO - GOLPES - ACUCHILLAMIENTO,03/12/2014
491,55,TRANS FEMENINA,PRINCIPAL,Buenos Aires,ACUCHILLAMIENTO,25/11/2014
490,36,TRANS FEMENINA,PRINCIPAL,Buenos Aires,GOLPES,06/11/2014
489,16,MUJER,PRINCIPAL,Buenos Aires,GOLPES,S/D
488,17,MUJER,PRINCIPAL,Buenos Aires,S/D,10/03/2014
487,60,MUJER,PRINCIPAL,Chubut,DISPARO DE BALA,03/06/2015
486,3,MUJER,PRINCIPAL,Buenos Aires,GOLPES,21/08/2014
484,36,MUJER,PRINCIPAL,Neuquen,DISPARO DE BALA,12/09/2015
483,24,MUJER,PRINCIPAL,Santa Fe,DISPARO DE BALA,12/09/2015
482,24,MUJER,PRINCIPAL,Buenos Aires,OTROS - GOLPES,13/08/2015
481,81,MUJER,PRINCIPAL,Buenos Aires,GOLPES,15/07/2015
480,42,MUJER,PRINCIPAL,Buenos Aires,GOLPES,19/08/2015
479,38,MUJER,PRINCIPAL,Buenos Aires,QUEMADURAS,02/08/2015
478,73,MUJER,PRINCIPAL,Buenos Aires,S/D,24/08/2015
477,85,MUJER,PRINCIPAL,Ciudad de Buenos Aires,S/D,S/D
476,S/D,S/D,VINCULADO,Misiones,S/D,29/01/2015
475,22,MUJER,PRINCIPAL,Buenos Aires,ACUCHILLAMIENTO,19/07/2015
474,30,MUJER,PRINCIPAL,Jujuy,DISPARO DE BALA,24/02/2013
473,46,MUJER,PRINCIPAL,Corrientes,ESTRANGULAMIENTO - GOLPES,27/08/2015
472,48,MUJER,PRINCIPAL,Entre Rios,DISPARO DE BALA,29/10/2013
471,30,MUJER,PRINCIPAL,Entre Rios,ACUCHILLAMIENTO,17/06/2013
470,24,MUJER,PRINCIPAL,S/D,S/D,S/D
469,19,MUJER,PRINCIPAL,Entre Rios,DISPARO DE BALA,24/03/2013
468,S/D,HOMBRE,VINCULADO,Entre Rios,DISPARO DE BALA,13/01/2013
467,41,MUJER,PRINCIPAL,Entre Rios,ACUCHILLAMIENTO,28/08/2013
465,11,MUJER,PRINCIPAL,S/D,OTROS,23/02/2013
464,25,MUJER,PRINCIPAL,Santa Fe,GOLPES,07/03/2013
463,7,S/D,VINCULADO,Corrientes,DISPARO DE BALA,30/05/2013
463,3,S/D,VINCULADO,Corrientes,DISPARO DE BALA,30/05/2013
462,21,MUJER,PRINCIPAL,Salta,ESTRANGULAMIENTO,08/07/2013
461,25,MUJER,PRINCIPAL,Buenos Aires,GOLPES,25/10/2013
460,68,MUJER,PRINCIPAL,Rio Negro,OTROS - ASFIXIA - GOLPES,26/07/2013
459,S/D,MUJER,PRINCIPAL,Buenos Aires,DISPARO DE BALA,06/02/2014
458,36,MUJER,PRINCIPAL,Buenos Aires,ACUCHILLAMIENTO,01/05/2013
457,15,S/D,VINCULADO,Buenos Aires,ASFIXIA,27/03/2015
456,15,MUJER,PRINCIPAL,Buenos Aires,DISPARO DE BALA,21/05/2015
455,22,MUJER,PRINCIPAL,Entre Rios,OTROS,15/07/2013
454,50,MUJER,PRINCIPAL,Entre Rios,ESTRANGULAMIENTO - GOLPES,31/08/2015
453,47,MUJER,PRINCIPAL,Entre Rios,QUEMADURAS,12/03/2015
452,7,S/D,VINCULADO,Entre Rios,OTROS,20/04/2015
451,40,MUJER,PRINCIPAL,Entre Rios,ACUCHILLAMIENTO,18/03/2015
450,51,MUJER,PRINCIPAL,Buenos Aires,DISPARO DE BALA,31/08/2015
449,16,MUJER,PRINCIPAL,Misiones,ACUCHILLAMIENTO,16/08/2015
443,40,MUJER,PRINCIPAL,S/D,DISPARO DE BALA,30/04/2013
448,33,MUJER,PRINCIPAL,Buenos Aires,OTROS,22/08/2015
447,25,MUJER,PRINCIPAL,Córdoba,DISPARO DE BALA - GOLPES,24/08/2015
446,8,S/D,VINCULADO,Buenos Aires,DISPARO DE BALA,25/08/2015
446,35,MUJER,PRINCIPAL,Buenos Aires,DISPARO DE BALA,25/08/2015
445,52,MUJER,PRINCIPAL,Buenos Aires,GOLPES,31/07/2015
444,39,MUJER,PRINCIPAL,Buenos Aires,OTROS - GOLPES - ACUCHILLAMIENTO,24/08/2015
442,17,MUJER,PRINCIPAL,Entre Rios,S/D,25/08/2015
357,25,MUJER,PRINCIPAL,Córdoba,S/D,12/02/2013
440,21,MUJER,PRINCIPAL,Córdoba,ACUCHILLAMIENTO,03/05/2013
439,32,MUJER,PRINCIPAL,Córdoba,ACUCHILLAMIENTO,21/04/2013
438,23,MUJER,PRINCIPAL,Córdoba,DISPARO DE BALA,02/12/2013
437,32,S/D,PRINCIPAL,Córdoba,ACUCHILLAMIENTO,16/12/2012
436,12,S/D,VINCULADO,Córdoba,DISPARO DE BALA,05/11/2013
436,10,S/D,VINCULADO,Córdoba,DISPARO DE BALA,05/11/2013
435,S/D,S/D,VINCULADO,Córdoba,OTROS - ESTRANGULAMIENTO - ASFIXIA,19/12/2013
435,27,MUJER,PRINCIPAL,Córdoba,OTROS - ESTRANGULAMIENTO - ASFIXIA,19/12/2013
433,42,MUJER,PRINCIPAL,Córdoba,ACUCHILLAMIENTO,04/12/2013
434,9,MUJER,PRINCIPAL,Salta,S/D,18/05/2013
431,67,MUJER,PRINCIPAL,Córdoba,OTROS - QUEMADURAS - GOLPES,28/07/2013
432,32,MUJER,PRINCIPAL,S/D,S/D,S/D
430,49,MUJER,PRINCIPAL,S/D,S/D,S/D
429,24,MUJER,PRINCIPAL,Córdoba,ESTRANGULAMIENTO - GOLPES,16/11/2013
428,26,MUJER,PRINCIPAL,Buenos Aires,S/D,30/01/2013
427,40,MUJER,PRINCIPAL,Buenos Aires,DEGOLLAMIENTO,19/11/2015
424,29,MUJER,PRINCIPAL,Córdoba,ACUCHILLAMIENTO,18/06/2013
425,45,MUJER,PRINCIPAL,S/D,S/D,S/D
423,43,MUJER,PRINCIPAL,Córdoba,ACUCHILLAMIENTO,08/03/2013
421,50,MUJER,PRINCIPAL,Córdoba,ACUCHILLAMIENTO,17/12/2012
420,35,MUJER,PRINCIPAL,Córdoba,GOLPES - ACUCHILLAMIENTO,26/10/2013
419,S/D,S/D,PRINCIPAL,S/D,S/D,S/D
418,37,MUJER,VINCULADO,Buenos Aires,S/D,26/11/2014
418,61,MUJER,PRINCIPAL,Buenos Aires,S/D,26/11/2014
417,28,MUJER,PRINCIPAL,S/D,S/D,S/D
416,16,MUJER,PRINCIPAL,Córdoba,DISPARO DE BALA,12/12/2013
415,4,HOMBRE,VINCULADO,San Luis,DISPARO DE BALA,04/11/2013
415,26,MUJER,PRINCIPAL,San Luis,DISPARO DE BALA,04/11/2013
414,40,MUJER,PRINCIPAL,Córdoba,QUEMADURAS,24/11/2013
413,31,MUJER,PRINCIPAL,Córdoba,ASFIXIA,07/05/2013
412,40,MUJER,PRINCIPAL,Buenos Aires,ACUCHILLAMIENTO,05/05/2014
411,47,MUJER,PRINCIPAL,Córdoba,ACUCHILLAMIENTO,08/06/2013
410,S/D,MUJER,PRINCIPAL,Santa Fe,S/D,20/08/2013
409,52,MUJER,PRINCIPAL,Buenos Aires,QUEMADURAS - ESTRANGULAMIENTO,15/08/2015
407,17,MUJER,PRINCIPAL,Buenos Aires,DISPARO DE BALA,26/10/2013
406,7,HOMBRE,VINCULADO,Buenos Aires,DEGOLLAMIENTO,18/02/2013
406,2,HOMBRE,VINCULADO,Buenos Aires,DEGOLLAMIENTO,18/02/2013
405,4,HOMBRE,VINCULADO,Buenos Aires,QUEMADURAS,10/05/2014
405,31,HOMBRE,VINCULADO,Buenos Aires,QUEMADURAS,10/05/2014
405,13,MUJER,VINCULADO,Buenos Aires,QUEMADURAS,10/05/2014
405,11,MUJER,VINCULADO,Buenos Aires,QUEMADURAS,10/05/2014
405,10,MUJER,VINCULADO,Buenos Aires,QUEMADURAS,10/05/2014
405,6,HOMBRE,VINCULADO,Buenos Aires,QUEMADURAS,10/05/2014
405,5,MUJER,VINCULADO,Buenos Aires,QUEMADURAS,10/05/2014
405,38,MUJER,PRINCIPAL,Buenos Aires,QUEMADURAS,10/05/2014
404,43,MUJER,PRINCIPAL,S/D,OTROS,06/09/2014
403,24,MUJER,PRINCIPAL,Buenos Aires,GOLPES,20/12/2014
402,4,HOMBRE,VINCULADO,Córdoba,DISPARO DE BALA - ACUCHILLAMIENTO,04/08/2015
402,7,HOMBRE,VINCULADO,Córdoba,DISPARO DE BALA - ACUCHILLAMIENTO,04/08/2015
401,20,MUJER,PRINCIPAL,Buenos Aires,OTROS - ESTRANGULAMIENTO - GOLPES,31/08/2013
400,49,MUJER,PRINCIPAL,Buenos Aires,GOLPES - ACUCHILLAMIENTO,20/11/2013
399,35,MUJER,PRINCIPAL,Buenos Aires,DISPARO DE BALA,17/12/2013
398,45,MUJER,PRINCIPAL,Buenos Aires,OTROS - ESTRANGULAMIENTO - GOLPES,12/06/2013
397,25,MUJER,PRINCIPAL,Santa Fe,DISPARO DE BALA,22/12/2014
396,S/D,S/D,PRINCIPAL,S/D,DISPARO DE BALA,01/06/2015
395,16,MUJER,VINCULADO,Corrientes,ESTRANGULAMIENTO,03/06/2015
394,22,S/D,PRINCIPAL,Buenos Aires,QUEMADURAS,28/05/2015
393,16,S/D,PRINCIPAL,Buenos Aires,DISPARO DE BALA,18/07/2015
392,20,MUJER,PRINCIPAL,Buenos Aires,ESTRANGULAMIENTO,30/10/2013
391,27,MUJER,PRINCIPAL,Salta,ACUCHILLAMIENTO,13/03/2013
390,S/D,S/D,PRINCIPAL,Córdoba,GOLPES,11/02/2013
389,21,S/D,PRINCIPAL,Mendoza,OTROS - ACUCHILLAMIENTO,07/05/2013
388,59,MUJER,PRINCIPAL,Mendoza,OTROS - GOLPES,11/08/2014
387,39,S/D,PRINCIPAL,Mendoza,GOLPES,28/11/2014
386,57,S/D,PRINCIPAL,Mendoza,DISPARO DE BALA,13/02/2015
385,45,S/D,PRINCIPAL,Mendoza,GOLPES,12/07/2013
382,26,MUJER,PRINCIPAL,Salta,DISPARO DE BALA,28/07/2014
381,29,MUJER,PRINCIPAL,Corrientes,DISPARO DE BALA,18/01/2015
379,27,MUJER,PRINCIPAL,Buenos Aires,OTROS - GOLPES,18/07/2014
378,37,MUJER,PRINCIPAL,Buenos Aires,OTROS - ACUCHILLAMIENTO,07/07/2014
377,86,MUJER,PRINCIPAL,Ciudad de Buenos Aires,GOLPES - ACUCHILLAMIENTO,21/06/2014
377,63,MUJER,PRINCIPAL,Ciudad de Buenos Aires,GOLPES - ACUCHILLAMIENTO,21/06/2014
376,32,MUJER,PRINCIPAL,Buenos Aires,GOLPES,06/04/2014
375,53,MUJER,PRINCIPAL,Buenos Aires,DISPARO DE BALA,11/02/2014
374,43,MUJER,PRINCIPAL,Buenos Aires,DISPARO DE BALA,25/11/2013
69,23,MUJER,VINCULADO,Buenos Aires,ESTRANGULAMIENTO - DISPARO DE BALA,23/11/2013
373,15,MUJER,PRINCIPAL,Entre Rios,DISPARO DE BALA,18/08/2013
372,22,MUJER,PRINCIPAL,Córdoba,OTROS - GOLPES,30/06/2013
371,33,MUJER,PRINCIPAL,Buenos Aires,GOLPES,20/05/2013
370,48,S/D,VINCULADO,Buenos Aires,DISPARO DE BALA,25/03/2013
369,41,MUJER,PRINCIPAL,Santa Fe,DISPARO DE BALA,30/12/2012
368,23,MUJER,PRINCIPAL,Entre Rios,ESTRANGULAMIENTO,11/02/2013
367,34,MUJER,PRINCIPAL,Buenos Aires,ACUCHILLAMIENTO,02/01/2013
367,10,S/D,VINCULADO,Buenos Aires,ACUCHILLAMIENTO,02/01/2013
366,20,MUJER,PRINCIPAL,Buenos Aires,GOLPES - ACUCHILLAMIENTO,07/11/2013
365,34,MUJER,PRINCIPAL,Ciudad de Buenos Aires,OTROS - GOLPES,28/04/2014
364,25,MUJER,PRINCIPAL,Buenos Aires,ESTRANGULAMIENTO,20/10/2013
363,13,MUJER,PRINCIPAL,Catamarca,ESTRANGULAMIENTO,14/12/2013
362,50,MUJER,PRINCIPAL,Buenos Aires,ASFIXIA - GOLPES,06/05/2013
361,S/D,MUJER,PRINCIPAL,Catamarca,OTROS - QUEMADURAS,31/03/2013
359,S/D,MUJER,PRINCIPAL,Catamarca,QUEMADURAS - ACUCHILLAMIENTO,29/01/2013
358,S/D,MUJER,PRINCIPAL,Tucuman,QUEMADURAS,02/02/2013
354,46,MUJER,VINCULADO,Córdoba,ACUCHILLAMIENTO,12/03/2013
352,34,MUJER,PRINCIPAL,Córdoba,S/D,03/03/2013
351,25,MUJER,PRINCIPAL,Córdoba,ESTRANGULAMIENTO,20/02/2013
350,78,MUJER,PRINCIPAL,Córdoba,DISPARO DE BALA,06/02/2013
349,22,MUJER,PRINCIPAL,Santa Fe,QUEMADURAS - ESTRANGULAMIENTO,06/12/2014
348,38,MUJER,PRINCIPAL,Santa Fe,DISPARO DE BALA,14/04/2015
347,55,MUJER,PRINCIPAL,Santa Fe,DISPARO DE BALA,16/04/2015
346,31,TRAVESTI,PRINCIPAL,Santa Fe,S/D,29/03/2013
345,64,MUJER,PRINCIPAL,Salta,GOLPES,30/11/2014
344,42,MUJER,PRINCIPAL,Santiago del Estero,ACUCHILLAMIENTO,19/02/2014
342,S/D,S/D,PRINCIPAL,San Juan,GOLPES,17/01/2014
341,16,MUJER,PRINCIPAL,San Juan,GOLPES,28/09/2013
340,18,MUJER,PRINCIPAL,San Luis,DISPARO DE BALA,19/01/2013
339,34,MUJER,PRINCIPAL,San Juan,GOLPES,26/05/2013
338,40,MUJER,PRINCIPAL,San Luis,ACUCHILLAMIENTO,07/12/2014
337,38,MUJER,PRINCIPAL,Buenos Aires,ACUCHILLAMIENTO,S/D
336,40,MUJER,PRINCIPAL,Corrientes,DISPARO DE BALA,13/12/2014
335,21,MUJER,PRINCIPAL,Buenos Aires,ESTRANGULAMIENTO - GOLPES,17/06/2014
334,21,MUJER,PRINCIPAL,S/D,ACUCHILLAMIENTO - ACUCHILLAMIENTO,15/07/2014
333,13,MUJER,PRINCIPAL,S/D,ESTRANGULAMIENTO,17/09/2014
332,83,MUJER,VINCULADO,Buenos Aires,APUÑALAMIENTO,15/08/2014
332,58,MUJER,VINCULADO,Buenos Aires,APUÑALAMIENTO,15/08/2014
331,28,MUJER,PRINCIPAL,Buenos Aires,DISPARO DE BALA,16/08/2014
330,63,MUJER,PRINCIPAL,Buenos Aires,APUÑALAMIENTO,20/11/2013
328,34,MUJER,PRINCIPAL,S/D,S/D,S/D
329,11,S/D,PRINCIPAL,Chubut,OTROS - ESTRANGULAMIENTO,02/09/2013
327,28,MUJER,PRINCIPAL,Buenos Aires,DISPARO DE BALA,06/05/2014
326,41,MUJER,PRINCIPAL,Buenos Aires,DISPARO DE BALA,28/05/2014
325,55,MUJER,PRINCIPAL,La Pampa,DISPARO DE BALA,14/12/2014
324,27,MUJER,PRINCIPAL,La Pampa,GOLPES,19/08/2014
323,30,MUJER,PRINCIPAL,Formosa,ACUCHILLAMIENTO,10/11/2013
322,29,MUJER,PRINCIPAL,Ciudad de Buenos Aires,DISPARO DE BALA,09/10/2014
321,21,MUJER,PRINCIPAL,S/D,ACUCHILLAMIENTO,08/03/2013
319,35,MUJER,PRINCIPAL,S/D,GOLPES,06/10/2013
317,17,MUJER,PRINCIPAL,Corrientes,S/D,18/03/2015
316,S/D,MUJER,PRINCIPAL,Buenos Aires,S/D,10/02/2014
315,31,MUJER,PRINCIPAL,Misiones,QUEMADURAS,13/01/2015
314,18,MUJER,PRINCIPAL,S/D,ASFIXIA,09/12/2014
313,46,MUJER,PRINCIPAL,Entre Rios,DISPARO DE BALA,07/02/2015
312,25,MUJER,PRINCIPAL,Buenos Aires,ESTRANGULAMIENTO,07/03/2014
311,40,MUJER,PRINCIPAL,Buenos Aires,DISPARO DE BALA,14/11/2014
310,47,MUJER,PRINCIPAL,Rio Negro,DISPARO DE BALA - GOLPES,20/11/2014
309,32,TRAVESTI,PRINCIPAL,Tierra del Fuego,ACUCHILLAMIENTO,12/05/2013
308,16,MUJER,PRINCIPAL,Buenos Aires,DISPARO DE BALA,21/04/2015
307,31,TRAVESTI,PRINCIPAL,Salta,GOLPES,24/12/2014
304,16,MUJER,VINCULADO,Corrientes,S/D,03/06/2015
303,63,MUJER,PRINCIPAL,Buenos Aires,GOLPES,13/01/2013
302,25,MUJER,PRINCIPAL,Ciudad de Buenos Aires,ACUCHILLAMIENTO,03/09/2014
300,50,MUJER,PRINCIPAL,Santiago del Estero,ACUCHILLAMIENTO,10/08/2014
299,43,MUJER,PRINCIPAL,Santiago del Estero,GOLPES,24/06/2014
298,26,MUJER,PRINCIPAL,Santiago del Estero,ACUCHILLAMIENTO,15/06/2014
297,36,MUJER,PRINCIPAL,Santiago del Estero,GOLPES,23/05/2014
296,43,MUJER,PRINCIPAL,Santiago del Estero,GOLPES,13/03/2014
295,43,MUJER,PRINCIPAL,Santiago del Estero,DISPARO DE BALA,07/03/2014
294,43,MUJER,PRINCIPAL,Santiago del Estero,ACUCHILLAMIENTO,19/02/2014
293,18,MUJER,PRINCIPAL,Santiago del Estero,ACUCHILLAMIENTO,25/01/2015
292,23,MUJER,PRINCIPAL,Santiago del Estero,QUEMADURAS,10/01/2014
291,53,S/D,PRINCIPAL,Santiago del Estero,DISPARO DE BALA,21/10/2013
290,19,S/D,PRINCIPAL,Santiago del Estero,ACUCHILLAMIENTO,19/10/2013
289,17,MUJER,PRINCIPAL,Santiago del Estero,GOLPES,30/10/2013
288,41,MUJER,PRINCIPAL,Santiago del Estero,ACUCHILLAMIENTO,27/07/2013
287,29,MUJER,PRINCIPAL,Santiago del Estero,ACUCHILLAMIENTO,01/06/2013
286,69,MUJER,PRINCIPAL,Ciudad de Buenos Aires,ESTRANGULAMIENTO - ASFIXIA,26/12/2013
285,34,S/D,PRINCIPAL,Santiago del Estero,DISPARO DE BALA,28/04/2013
284,42,MUJER,PRINCIPAL,S/D,S/D,S/D
282,55,MUJER,PRINCIPAL,Santiago del Estero,DISPARO DE BALA,21/04/2013
281,22,MUJER,PRINCIPAL,Santiago del Estero,DISPARO DE BALA,11/02/2013
279,17,MUJER,PRINCIPAL,Chaco,OTROS - ESTRANGULAMIENTO - GOLPES,17/06/2015
277,29,MUJER,PRINCIPAL,Buenos Aires,DISPARO DE BALA,08/04/2015
273,43,MUJER,PRINCIPAL,Corrientes,DISPARO DE BALA,14/02/2014
276,39,MUJER,PRINCIPAL,Corrientes,ACUCHILLAMIENTO,18/06/2015
275,71,MUJER,PRINCIPAL,Chaco,OTROS - GOLPES,22/04/2015
274,40,MUJER,PRINCIPAL,Chaco,ACUCHILLAMIENTO,01/04/2015
272,25,MUJER,PRINCIPAL,Chaco,ASFIXIA,01/01/2015
271,22,MUJER,PRINCIPAL,San Luis,DISPARO DE BALA,29/03/2015
270,22,MUJER,PRINCIPAL,Chaco,DISPARO DE BALA,13/10/2014
268,74,MUJER,PRINCIPAL,S/D,DISPARO DE BALA,12/05/2015
269,43,MUJER,PRINCIPAL,Chaco,DISPARO DE BALA,11/10/2014
267,18,MUJER,PRINCIPAL,Chaco,ACUCHILLAMIENTO,08/09/2014
265,12,MUJER,PRINCIPAL,Buenos Aires,ESTRANGULAMIENTO - ASFIXIA ,23/02/2014
266,S/D,MUJER,PRINCIPAL,Chaco,OTROS - GOLPES ,07/07/2014
264,28,S/D,PRINCIPAL,Chaco,GOLPES ,03/05/2014
263,18,MUJER,PRINCIPAL,Chaco,S/D,30/04/2014
262,23,MUJER,PRINCIPAL,S/D,S/D,S/D
261,20,MUJER,PRINCIPAL,Catamarca,ESTRANGULAMIENTO - GOLPES ,04/10/2013
260,50,TRAVESTI,PRINCIPAL,Chaco,GOLPES,23/04/2014
259,25,MUJER,PRINCIPAL,Chaco,DISPARO DE BALA,16/04/2014
258,23,MUJER,PRINCIPAL,Chaco,ESTRANGULAMIENTO,20/02/2014
257,21,MUJER,PRINCIPAL,S/D,ACUCHILLAMIENTO,14/08/2014
256,48,MUJER,PRINCIPAL,Santa Cruz,ASFIXIA,25/10/2014
255,17,MUJER,PRINCIPAL,Chaco,DISPARO DE BALA,24/01/2014
254,27,MUJER,PRINCIPAL,Chaco,ACUCHILLAMIENTO,13/01/2014
253,S/D,MUJER,PRINCIPAL,Chaco,ACUCHILLAMIENTO,01/11/2013
252,41,MUJER,VINCULADO,Chaco,ACUCHILLAMIENTO,26/10/2013
252,21,MUJER,PRINCIPAL,Chaco,ACUCHILLAMIENTO,26/10/2013
251,19,MUJER,PRINCIPAL,Chaco,ACUCHILLAMIENTO,14/10/2013
250,41,MUJER,PRINCIPAL,Chaco,DISPARO DE BALA,02/09/2013
249,34,MUJER,PRINCIPAL,Chaco,DISPARO DE BALA,17/02/2013
248,16,MUJER,PRINCIPAL,Salta,ASFIXIA - ASFIXIA,03/08/2015
247,14,MUJER,PRINCIPAL,S/D,ESTRANGULAMIENTO,21/08/2014
246,56,MUJER,PRINCIPAL,Mendoza,ACUCHILLAMIENTO,15/05/2015
244,33,S/D,PRINCIPAL,Mendoza,ACUCHILLAMIENTO,19/06/2014
241,S/D,MUJER,PRINCIPAL,S/D,S/D,S/D
243,69,MUJER,PRINCIPAL,Mendoza,OTROS - ACUCHILLAMIENTO,09/05/2014
240,20,MUJER,PRINCIPAL,Santa Cruz,ACUCHILLAMIENTO,25/01/2015
242,37,MUJER,PRINCIPAL,Mendoza,DISPARO DE BALA,16/01/2013
239,34,MUJER,PRINCIPAL,Salta,GOLPES - ACUCHILLAMIENTO,04/12/2014
238,32,MUJER,PRINCIPAL,Santa Fe,APUÑALAMIENTO,19/01/2013
237,18,MUJER,PRINCIPAL,Santa Fe,DISPARO DE BALA,02/11/2014
236,36,MUJER,PRINCIPAL,S/D,S/D,31/03/2013
235,63,MUJER,PRINCIPAL,Salta,GOLPES - ACUCHILLAMIENTO,20/01/2015
234,19,MUJER,PRINCIPAL,Rio Negro,ATROPELLAMIENTO - GOLPES,21/09/2014
233,21,MUJER,PRINCIPAL,Neuquen,DISPARO DE BALA,17/01/2013
232,48,MUJER,PRINCIPAL,Corrientes,APUÑALAMIENTO - DEGOLLAMIENTO,01/05/2013
231,30,MUJER,PRINCIPAL,San Luis,GOLPES,29/07/2015
230,30,MUJER,PRINCIPAL,S/D,DISPARO DE BALA,25/03/2013
229,12,MUJER,PRINCIPAL,Misiones,OTROS - ESTRANGULAMIENTO,22/04/2015
228,16,MUJER,PRINCIPAL,Misiones,ACUCHILLAMIENTO,07/04/2015
227,48,MUJER,PRINCIPAL,Misiones,ACUCHILLAMIENTO,23/03/2015
226,40,MUJER,PRINCIPAL,Misiones,QUEMADURAS - GOLPES,06/01/2015
224,23,MUJER,PRINCIPAL,Mendoza,GOLPES,03/08/2014
222,52,MUJER,PRINCIPAL,Misiones,DISPARO DE BALA - GOLPES,29/12/2014
221,44,MUJER,PRINCIPAL,Misiones,GOLPES - ACUCHILLAMIENTO,18/12/2014
220,1,MUJER,PRINCIPAL,S/D,GOLPES,10/06/2015
219,23,MUJER,PRINCIPAL,Misiones,ESTRANGULAMIENTO - DISPARO DE BALA,08/11/2014
218,14,S/D,PRINCIPAL,Rio Negro,ESTRANGULAMIENTO,24/10/2014
217,24,MUJER,PRINCIPAL,Misiones,ESTRANGULAMIENTO - ASFIXIA,18/10/2014
216,56,MUJER,PRINCIPAL,Misiones,ACUCHILLAMIENTO,04/05/2014
215,17,S/D,PRINCIPAL,Misiones,DISPARO DE BALA,09/03/2014
214,24,MUJER,PRINCIPAL,Misiones,GOLPES,08/03/2014
213,54,MUJER,PRINCIPAL,Misiones,DISPARO DE BALA,29/01/2014
212,29,MUJER,PRINCIPAL,S/D,GOLPES,13/03/2014
211,24,MUJER,PRINCIPAL,S/D,OTROS,17/08/2014
209,23,MUJER,PRINCIPAL,Santiago del Estero,ACUCHILLAMIENTO,12/06/2015
208,19,MUJER,PRINCIPAL,Misiones,GOLPES,30/12/2013
206,27,MUJER,PRINCIPAL,Misiones,ESTRANGULAMIENTO - GOLPES,22/11/2013
204,41,MUJER,PRINCIPAL,Santiago del Estero,ACUCHILLAMIENTO,13/03/2013
205,27,MUJER,PRINCIPAL,Misiones,DISPARO DE BALA,17/10/2013
205,25,MUJER,VINCULADO,Misiones,DISPARO DE BALA,17/10/2013
203,29,MUJER,PRINCIPAL,Misiones,ACUCHILLAMIENTO,21/09/2013
202,24,MUJER,PRINCIPAL,Misiones,DISPARO DE BALA,15/09/2013
201,21,MUJER,PRINCIPAL,Misiones,DISPARO DE BALA,06/04/2013
200,24,MUJER,PRINCIPAL,Misiones,OTROS - QUEMADURAS - GOLPES,06/04/2013
199,35,MUJER,PRINCIPAL,Rio Negro,ACUCHILLAMIENTO,20/04/2014
198,47,MUJER,PRINCIPAL,S/D,DISPARO DE BALA,27/07/2015
197,47,MUJER,PRINCIPAL,Misiones,S/D,14/02/2013
196,40,MUJER,PRINCIPAL,Misiones,GOLPES - ACUCHILLAMIENTO,13/01/2013
195,7,S/D,PRINCIPAL,Misiones,OTROS,09/01/2013
193,23,MUJER,PRINCIPAL,Buenos Aires,ACUCHILLAMIENTO,30/07/2015
191,34,MUJER,PRINCIPAL,Santiago del Estero,ACUCHILLAMIENTO,26/07/2015
190,13,S/D,PRINCIPAL,Jujuy,S/D,19/07/2015
189,19,MUJER,PRINCIPAL,Buenos Aires,OTROS,14/02/2013
188,25,MUJER,PRINCIPAL,Buenos Aires,OTROS,19/06/2015
187,34,TRAVESTI,PRINCIPAL,Córdoba,ASFIXIA,27/07/2015
186,20,MUJER,PRINCIPAL,Ciudad de Buenos Aires,DISPARO DE BALA,24/07/2015
185,24,MUJER,PRINCIPAL,S/D,S/D,25/11/2013
184,23,MUJER,PRINCIPAL,Buenos Aires,OTROS,25/05/2015
183,33,MUJER,PRINCIPAL,Buenos Aires,OTROS - GOLPES,02/06/2013
182,39,MUJER,PRINCIPAL,Neuquen,DISPARO DE BALA,22/02/2013
181,41,S/D,PRINCIPAL,Santa Fe,QUEMADURAS,12/12/2014
180,19,MUJER,PRINCIPAL,Salta,ESTRANGULAMIENTO - GOLPES,13/07/2014
179,22,MUJER,PRINCIPAL,Corrientes,GOLPES,09/04/2015
178,52,MUJER,PRINCIPAL,Chaco,QUEMADURAS - GOLPES,22/05/2013
176,47,MUJER,PRINCIPAL,Córdoba,ACUCHILLAMIENTO,08/02/2013
175,22,MUJER,PRINCIPAL,Salta,S/D,04/05/2014
174,21,S/D,PRINCIPAL,Salta,QUEMADURAS,06/07/2015
172,31,MUJER,PRINCIPAL,Santiago del Estero,OTROS - ACUCHILLAMIENTO,13/07/2015
171,32,MUJER,PRINCIPAL,Chaco,OTROS - QUEMADURAS - GOLPES,01/05/2015
170,26,MUJER,PRINCIPAL,Rio Negro,S/D,10/04/2015
169,27,MUJER,PRINCIPAL,Buenos Aires,OTROS - GOLPES - ACUCHILLAMIENTO,01/03/2015
168,44,S/D,PRINCIPAL,Corrientes,ACUCHILLAMIENTO,15/03/2015
165,29,MUJER,PRINCIPAL,Buenos Aires,ESTRANGULAMIENTO,17/01/2015
164,23,MUJER,PRINCIPAL,Santa Fe,ACUCHILLAMIENTO,21/01/2015
163,18,MUJER,PRINCIPAL,Santa Fe,ESTRANGULAMIENTO,13/02/2015
162,36,MUJER,PRINCIPAL,Santa Fe,S/D,05/01/2015
161,23,MUJER,PRINCIPAL,Neuquen,DESBARRANCAMIENTO,04/04/2015
160,32,MUJER,PRINCIPAL,Ciudad de Buenos Aires,DISPARO DE BALA,15/04/2015
159,39,MUJER,PRINCIPAL,Neuquen,DISPARO DE BALA,14/06/2014
157,55,HOMBRE,VINCULADO,La Pampa,DISPARO DE BALA,12/07/2015
157,49,MUJER,PRINCIPAL,La Pampa,DISPARO DE BALA,12/07/2015
154,53,MUJER,PRINCIPAL,Jujuy,S/D,29/05/2015
140,34,MUJER,PRINCIPAL,Córdoba,ACUCHILLAMIENTO - ACUCHILLAMIENTO,09/01/2015
152,24,MUJER,PRINCIPAL,Ciudad de Buenos Aires,ESTRANGULAMIENTO,04/05/2015
151,16,MUJER,PRINCIPAL,Buenos Aires,OTROS - ASFIXIA,16/11/2014
150,26,MUJER,PRINCIPAL,Ciudad de Buenos Aires,ACUCHILLAMIENTO,09/04/2015
149,65,MUJER,PRINCIPAL,Buenos Aires,ACUCHILLAMIENTO,10/04/2014
148,35,MUJER,PRINCIPAL,Salta,ACUCHILLAMIENTO,04/12/2014
147,50,MUJER,PRINCIPAL,Córdoba,DISPARO DE BALA,10/04/2015
146,43,MUJER,PRINCIPAL,Córdoba,OTROS - GOLPES - ACUCHILLAMIENTO,30/03/2015
145,40,MUJER,PRINCIPAL,Buenos Aires,ESTRANGULAMIENTO - GOLPES - ACUCHILLAMIENTO,08/07/2015
144,21,MUJER,PRINCIPAL,Córdoba,DISPARO DE BALA,17/03/2013
143,35,MUJER,PRINCIPAL,Córdoba,ESTRANGULAMIENTO,11/03/2015
142,51,MUJER,PRINCIPAL,Córdoba,ESTRANGULAMIENTO - ASFIXIA,03/02/2015
141,36,MUJER,PRINCIPAL,Córdoba,ACUCHILLAMIENTO,28/12/2014
139,42,MUJER,PRINCIPAL,Córdoba,GOLPES,29/06/2014
138,41,MUJER,PRINCIPAL,Córdoba,ACUCHILLAMIENTO,23/02/2015
130,S/D,MUJER,PRINCIPAL,Formosa,QUEMADURAS,07/06/2015
129,44,MUJER,PRINCIPAL,Buenos Aires,ACUCHILLAMIENTO,14/08/2014
128,49,S/D,PRINCIPAL,S/D,ACUCHILLAMIENTO,02/05/2015
126,15,HOMBRE,VINCULADO,Chubut,DISPARO DE BALA,23/11/2014
127,22,MUJER,PRINCIPAL,Salta,GOLPES,02/07/2015
126,17,MUJER,VINCULADO,Chubut,DISPARO DE BALA,23/11/2014
125,48,MUJER,PRINCIPAL,Chubut,DISPARO DE BALA,23/11/2014
124,31,MUJER,PRINCIPAL,Buenos Aires,QUEMADURAS,08/02/2013
123,17,MUJER,PRINCIPAL,Buenos Aires,ACUCHILLAMIENTO,01/07/2015
122,23,MUJER,PRINCIPAL,Entre Rios,DISPARO DE BALA,01/04/2014
121,39,TRAVESTI,PRINCIPAL,Buenos Aires,S/D,S/D
120,23,MUJER,PRINCIPAL,Santa Fe,S/D,04/11/2014
119,27,MUJER,PRINCIPAL,Santa Fe,QUEMADURAS,30/03/2013
118,20,MUJER,PRINCIPAL,Salta,ASFIXIA,08/11/2014
117,45,MUJER,PRINCIPAL,Salta,DISPARO DE BALA,30/12/2012
116,32,MUJER,PRINCIPAL,Entre Rios,S/D,02/11/2014
115,38,S/D,PRINCIPAL,Entre Rios,ACUCHILLAMIENTO,31/07/2014
114,36,S/D,PRINCIPAL,Entre Rios,DISPARO DE BALA,03/07/2014
113,25,MUJER,PRINCIPAL,Entre Rios,AHORCAMIENTO - ESTRANGULAMIENTO,18/05/2014
112,47,MUJER,PRINCIPAL,Entre Rios,AHORCAMIENTO,27/02/2014
111,30,MUJER,PRINCIPAL,Entre Rios,ACUCHILLAMIENTO,10/04/2014
110,24,MUJER,PRINCIPAL,Entre Rios,ACUCHILLAMIENTO,10/03/2014
109,20,MUJER,PRINCIPAL,Buenos Aires,GOLPES,27/06/2015
108,16,MUJER,PRINCIPAL,Corrientes,ASFIXIA,21/05/2015
107,31,MUJER,PRINCIPAL,Corrientes,GOLPES,14/05/2013
106,52,S/D,PRINCIPAL,Corrientes,QUEMADURAS,02/12/2013
105,51,MUJER,PRINCIPAL,Córdoba,ACUCHILLAMIENTO,21/05/2015
104,35,MUJER,PRINCIPAL,Córdoba,DISPARO DE BALA,26/09/2013
102,44,MUJER,PRINCIPAL,Córdoba,ACUCHILLAMIENTO,15/04/2014
101,34,MUJER,PRINCIPAL,Córdoba,S/D,19/05/2014
100,51,MUJER,PRINCIPAL,Córdoba,ACUCHILLAMIENTO,18/01/2014
98,35,MUJER,PRINCIPAL,Córdoba,DISPARO DE BALA,26/01/2014
97,24,MUJER,PRINCIPAL,Córdoba,DISPARO DE BALA,24/03/2013
96,21,MUJER,PRINCIPAL,Córdoba,QUEMADURAS,01/01/2013
95,38,MUJER,PRINCIPAL,Chaco,ACUCHILLAMIENTO,26/06/2015
94,19,MUJER,PRINCIPAL,Ciudad de Buenos Aires,ASFIXIA,14/03/2015
93,34,MUJER,PRINCIPAL,Ciudad de Buenos Aires,S/D,09/02/2013
91,26,MUJER,PRINCIPAL,Ciudad de Buenos Aires,S/D,16/03/2015
90,43,S/D,PRINCIPAL,Buenos Aires,GOLPES - ACUCHILLAMIENTO,29/05/2015
89,18,MUJER,PRINCIPAL,Buenos Aires,ASFIXIA - DESBARRANCAMIENTO - GOLPES,23/05/2015
88,28,MUJER,PRINCIPAL,Buenos Aires,ACUCHILLAMIENTO,19/02/2014
87,15,MUJER,PRINCIPAL,Buenos Aires,S/D,23/07/2014
86,22,MUJER,PRINCIPAL,Buenos Aires,QUEMADURAS - DISPARO DE BALA,03/07/2014
85,38,MUJER,PRINCIPAL,Buenos Aires,QUEMADURAS - ESTRANGULAMIENTO - GOLPES - ACUCHILLAMIENTO,20/07/2013
84,22,MUJER,PRINCIPAL,Buenos Aires,QUEMADURAS,23/02/2015
81,S/D,MUJER,PRINCIPAL,Chubut,DISPARO DE BALA,08/09/2013
80,25,MUJER,PRINCIPAL,Chubut,DISPARO DE BALA,21/06/2013
79,S/D,S/D,PRINCIPAL,Chubut,APUÑALAMIENTO,27/01/2013
78,16,MUJER,PRINCIPAL,Ciudad de Buenos Aires,AHORCAMIENTO - ASFIXIA - GOLPES ,10/06/2013
76,26,MUJER,PRINCIPAL,Rio Negro,S/D,28/12/2014
74,34,MUJER,PRINCIPAL,Buenos Aires,S/D,06/07/2013
73,25,MUJER,PRINCIPAL,Santa Fe,QUEMADURAS,01/04/2013
69,49,MUJER,PRINCIPAL,Buenos Aires,ESTRANGULAMIENTO - DISPARO DE BALA,23/11/2013
68,38,MUJER,PRINCIPAL,Buenos Aires,S/D,14/04/2014
67,42,MUJER,PRINCIPAL,Santiago del Estero,DISPARO DE BALA,06/06/2015
62,14,MUJER,PRINCIPAL,Santa Fe,GOLPES - DEGOLLAMIENTO,10/05/2015
60,53,MUJER,PRINCIPAL,Buenos Aires,S/D,29/05/2013
59,30,MUJER,PRINCIPAL,Buenos Aires,S/D,11/04/2015
58,27,MUJER,PRINCIPAL,Buenos Aires,S/D,14/04/2015
57,25,MUJER,PRINCIPAL,Jujuy,S/D,05/04/2014
54,15,MUJER,PRINCIPAL,Buenos Aires,S/D,07/09/2013
53,19,MUJER,PRINCIPAL,Buenos Aires,ESTRANGULAMIENTO,30/09/2013
51,38,MUJER,PRINCIPAL,Salta,ESTRANGULAMIENTO - GOLPES,08/09/2014
50,17,MUJER,PRINCIPAL,S/D,S/D,09/09/2014
49,38,MUJER,PRINCIPAL,Tucuman,S/D,30/09/2014
47,58,MUJER,PRINCIPAL,Santa Fe,APUÑALAMIENTO,23/02/2015
45,47,MUJER,PRINCIPAL,Salta,GOLPES,25/07/2014
44,S/D,MUJER,PRINCIPAL,Salta,S/D,05/10/2014
43,21,MUJER,VINCULADO,Misiones,S/D,05/01/2014
42,22,MUJER,VINCULADO,Misiones,ATROPELLAMIENTO,05/01/2014
40,8,HOMBRE,VINCULADO,Mendoza,DISPARO DE BALA,21/09/2014
38,22,MUJER,PRINCIPAL,Entre Rios,ASFIXIA - GOLPES,24/10/2014
37,34,MUJER,PRINCIPAL,Entre Rios,GOLPES,21/05/2012
36,10,HOMBRE,VINCULADO,Entre Rios,DISPARO DE BALA,28/09/2014
35,32,MUJER,PRINCIPAL,Corrientes,S/D,06/09/2014
34,31,MUJER,PRINCIPAL,Córdoba,S/D,15/01/2015
33,29,MUJER,PRINCIPAL,Córdoba,S/D,16/02/2014
32,S/D,MUJER,PRINCIPAL,Córdoba,S/D,16/05/2014
31,41,MUJER,PRINCIPAL,Córdoba,ACUCHILLAMIENTO,23/07/2014
30,40,MUJER,PRINCIPAL,Córdoba,S/D,02/12/2014
29,34,MUJER,PRINCIPAL,Córdoba,S/D,28/01/2015
27,33,MUJER,PRINCIPAL,Córdoba,ACUCHILLAMIENTO,20/10/2014
26,S/D,MUJER,PRINCIPAL,Córdoba,S/D,20/10/2014
22,33,MUJER,PRINCIPAL,Córdoba,S/D,11/12/2014
21,36,MUJER,PRINCIPAL,Córdoba,GOLPES - ACUCHILLAMIENTO,21/09/2014
20,34,MUJER,PRINCIPAL,Córdoba,ACUCHILLAMIENTO,18/09/2014
19,33,MUJER,PRINCIPAL,Chaco,OTROS - ACUCHILLAMIENTO,09/10/2014
18,44,MUJER,PRINCIPAL,Ciudad de Buenos Aires,S/D,24/02/2015
17,19,MUJER,VINCULADO,Ciudad de Buenos Aires,S/D,24/02/2015
15,21,MUJER,PRINCIPAL,Buenos Aires,S/D,06/01/2015
14,S/D,MUJER,PRINCIPAL,Buenos Aires,S/D,23/02/2015
13,18,MUJER,PRINCIPAL,Buenos Aires,GOLPES,09/01/2015
12,19,MUJER,PRINCIPAL,Buenos Aires,ACUCHILLAMIENTO,14/01/2015
11,38,MUJER,PRINCIPAL,Buenos Aires,ESTRANGULAMIENTO - ASFIXIA,16/01/2014
10,26,MUJER,PRINCIPAL,Buenos Aires,S/D,20/03/2015
9,7,MUJER,VINCULADO,Buenos Aires,ACUCHILLAMIENTO,04/09/2014
8,45,MUJER,PRINCIPAL,Mendoza,DISPARO DE BALA,14/08/2014
7,16,MUJER,PRINCIPAL,Buenos Aires,ASFIXIA,23/08/2014
6,39,MUJER,PRINCIPAL,Buenos Aires,S/D,25/09/2014
5,49,MUJER,PRINCIPAL,Buenos Aires,DISPARO DE BALA - OTROS,18/05/2014
4,26,MUJER,PRINCIPAL,Santiago del Estero,DISPARO DE BALA,13/08/2014
3,23,MUJER,PRINCIPAL,Catamarca,APUÑALAMIENTO - GOLPES,05/03/2013
2,32,MUJER,PRINCIPAL,Buenos Aires,ACUCHILLAMIENTO,27/03/2014
